demo,round_num,t_avg_money,ct_avg_money,t_avg_equip,ct_avg_equip,t_equip_tier,ct_equip_tier,t_rifles,ct_rifles,t_smgs,ct_smgs,t_util_count,ct_util_count,t_loss_streak,ct_loss_streak,round_in_half,is_second_half,winner,t_won,bomb_planted,bomb_site,attack_site,ct_a,ct_b,ct_mid,ct_formation,smoke_A,smoke_B,smoke_MID,prev_plant_A,prev_plant_B,prev_plant_none,prev_no_history,prev_t_won,prev_t_tier,prev_ct_tier,rounds_since_plant_A,rounds_since_plant_B,streak_same_site
1win-vs-ww-m2-mirage.dem,0,300.0,2290.0,3620.0,360.0,0,0,0,0,0,0,0,0,0,0,0,0,CT,0,0,,no_plant,0,3,1,0-1-3,0,0,0,0,0,0,1,0.5,0.0,0.0,1.0,1.0,0.0
1win-vs-ww-m2-mirage.dem,2,1330.0,2470.0,2500.0,6070.0,0,0,0,0,0,0,0,0,2,0,2,0,CT,0,0,,no_plant,1,1,1,1-1-1,1,0,0,0,0,1,0,0.0,0.0,0.0,1.0,1.0,0.0
1win-vs-ww-m2-mirage.dem,3,80.0,5330.0,3650.0,6170.0,0,0,0,0,0,0,0,0,3,0,3,0,CT,0,0,,no_plant,2,1,2,2-2-1,1,0,0,0,0,1,0,0.0,0.0,0.0,1.0,1.0,0.0
1win-vs-ww-m2-mirage.dem,4,650.0,4350.0,3390.0,6130.0,0,0,0,0,0,0,0,0,4,0,4,0,CT,0,0,,no_plant,2,1,2,2-2-1,0,1,1,0,0,1,0,0.0,0.0,0.0,1.0,1.0,0.0
1win-vs-ww-m2-mirage.dem,5,1600.0,6980.0,2440.0,6090.0,0,0,0,0,0,0,0,0,5,0,5,0,CT,0,0,,no_plant,2,1,2,2-2-1,1,0,1,0,0,1,0,0.0,0.0,0.0,1.0,1.0,0.0
1win-vs-ww-m2-mirage.dem,7,1110.0,2990.0,5310.0,6050.0,0,0,0,0,0,0,0,0,5,0,7,0,CT,0,0,,no_plant,2,2,1,2-1-2,0,0,1,0,0,1,0,0.0,0.0,0.0,1.0,1.0,0.0
1win-vs-ww-m2-mirage.dem,10,600.0,2720.0,3280.0,6150.0,0,0,0,0,0,0,0,0,5,0,10,0,CT,0,0,,no_plant,1,0,4,1-4-0,1,0,0,0,0,1,0,0.0,0.0,0.0,1.0,1.0,0.0
1win-vs-ww-m2-mirage.dem,11,110.0,110.0,950.0,810.0,0,0,0,0,0,0,0,0,5,0,11,0,CT,0,0,,no_plant,1,1,2,1-2-1,1,0,0,0,0,1,0,0.0,0.0,0.0,1.0,1.0,0.0
1win-vs-ww-m2-mirage.dem,12,1850.0,320.0,1060.0,4250.0,0,0,0,0,0,0,0,0,0,0,0,1,CT,0,0,,no_plant,2,2,1,2-1-2,1,0,0,0,0,0,1,0.5,0.0,0.0,1.0,1.0,0.0
1win-vs-ww-m2-mirage.dem,13,70.0,1680.0,4420.0,4600.0,0,0,0,0,0,0,0,0,1,0,1,1,CT,0,0,,no_plant,1,1,3,1-3-1,1,1,0,0,0,1,0,0.0,0.0,0.0,1.0,1.0,0.0
1win-vs-ww-m2-mirage.dem,14,1770.0,1150.0,2060.0,5780.0,0,0,0,0,0,0,0,0,2,0,2,1,CT,0,0,,no_plant,2,1,2,2-2-1,1,0,0,0,0,1,0,0.0,0.0,0.0,1.0,1.0,0.0
1win-vs-ww-m2-mirage.dem,15,2990.0,100.0,5300.0,3820.0,0,0,0,0,0,0,0,0,3,0,3,1,CT,0,0,,no_plant,1,1,3,1-3-1,1,1,0,0,0,1,0,0.0,0.0,0.0,1.0,1.0,0.0
1win-vs-ww-m2-mirage.dem,16,1540.0,1040.0,5410.0,2910.0,0,1,0,0,0,2,0,0,4,0,4,1,CT,0,0,,no_plant,1,1,2,1-2-1,1,0,0,0,0,1,0,0.0,0.0,0.0,1.0,1.0,0.0
1win-vs-ww-m2-mirage.dem,17,2840.0,50.0,5290.0,4890.0,0,0,0,0,0,0,0,0,5,0,5,1,CT,0,0,,no_plant,2,2,1,2-1-2,0,0,0,0,0,1,0,0.0,0.0,0.5,1.0,1.0,0.0
akimbo-vs-incontrol-m2-mirage.dem,2,3100.0,2030.0,4690.0,520.0,0,0,0,0,0,0,0,0,0,2,2,0,T,1,0,,no_plant,0,0,5,0-5-0,0,0,0,1,0,0,0,1.0,0.0,0.0,0.0,1.0,0.6666666666666666
akimbo-vs-incontrol-m2-mirage.dem,4,7540.0,1980.0,5220.0,1920.0,0,0,1,0,0,0,0,0,0,4,4,0,T,1,1,B,B,3,0,1,3-1-0,0,0,1,1,0,0,0,1.0,0.0,0.0,0.0,1.0,0.3333333333333333
akimbo-vs-incontrol-m2-mirage.dem,5,7460.0,1070.0,5490.0,5950.0,0,0,1,0,0,0,0,0,0,5,5,0,T,1,1,A,A,3,1,1,3-1-1,1,0,1,0,1,0,0,1.0,0.0,0.0,0.16666666666666666,0.0,0.3333333333333333
akimbo-vs-incontrol-m2-mirage.dem,7,9450.0,30.0,4920.0,4260.0,0,0,0,0,0,0,0,0,0,5,7,0,CT,0,0,,no_plant,1,1,3,1-3-1,1,1,0,0,0,1,0,1.0,0.0,0.0,0.16666666666666666,0.3333333333333333,0.0
akimbo-vs-incontrol-m2-mirage.dem,8,5520.0,940.0,5430.0,5240.0,0,0,1,0,0,0,0,0,1,0,8,0,T,1,0,,no_plant,1,1,3,1-3-1,1,1,1,0,0,1,0,0.0,0.0,0.0,0.3333333333333333,0.5,0.0
akimbo-vs-incontrol-m2-mirage.dem,10,8350.0,780.0,5590.0,4950.0,0,0,0,0,0,0,0,0,0,2,10,0,CT,0,0,,no_plant,2,1,2,2-2-1,1,0,1,0,1,0,0,1.0,0.0,0.0,0.6666666666666666,0.0,0.3333333333333333
akimbo-vs-incontrol-m2-mirage.dem,11,4340.0,190.0,5590.0,5770.0,0,0,0,0,0,0,0,0,1,0,11,0,T,1,0,,no_plant,1,1,2,1-2-1,0,0,0,0,0,1,0,0.0,0.0,0.0,0.8333333333333334,0.16666666666666666,0.0
akimbo-vs-incontrol-m2-mirage.dem,12,140.0,140.0,900.0,860.0,0,0,0,0,0,0,0,0,0,0,0,1,CT,0,1,B,B,1,1,2,1-2-1,0,0,0,0,0,0,1,0.5,0.0,0.0,1.0,1.0,0.0
akimbo-vs-incontrol-m2-mirage.dem,13,590.0,110.0,2510.0,4580.0,0,0,0,0,0,0,0,0,1,0,1,1,CT,0,0,,no_plant,2,2,1,2-1-2,1,0,0,0,1,0,0,0.0,0.0,0.0,1.0,0.0,0.3333333333333333
astral-vs-lavked-m2-mirage.dem,0,130.0,120.0,910.0,800.0,0,0,0,0,0,0,0,0,0,0,0,0,T,1,1,B,B,2,0,2,2-2-0,0,1,0,0,0,0,1,0.5,0.0,0.0,1.0,1.0,0.0
astral-vs-lavked-m2-mirage.dem,2,1680.0,2010.0,4450.0,830.0,0,0,0,0,0,0,0,0,0,2,2,0,T,1,1,B,B,2,1,1,2-1-1,0,0,0,0,1,0,0,1.0,0.0,0.0,1.0,0.0,0.6666666666666666
astral-vs-lavked-m2-mirage.dem,3,3380.0,50.0,5290.0,5370.0,0,0,0,0,0,0,0,0,0,3,3,0,CT,0,0,,no_plant,2,1,2,2-2-1,0,0,0,0,1,0,0,1.0,0.0,0.0,1.0,0.0,1.0
astral-vs-lavked-m2-mirage.dem,4,220.0,920.0,4840.0,5800.0,0,0,1,1,0,0,0,0,1,0,4,0,T,1,1,A,A,2,0,3,2-3-0,1,0,0,0,0,1,0,0.0,0.0,0.0,1.0,0.16666666666666666,0.0
astral-vs-lavked-m2-mirage.dem,5,270.0,890.0,4760.0,3070.0,0,0,0,0,0,0,0,0,0,1,5,0,CT,0,0,,no_plant,2,0,3,2-3-0,1,0,0,1,0,0,0,1.0,0.0,0.0,0.0,0.3333333333333333,0.3333333333333333
astral-vs-lavked-m2-mirage.dem,6,330.0,830.0,1600.0,5610.0,0,0,0,0,0,0,0,0,1,0,6,0,CT,0,0,,no_plant,1,1,3,1-3-1,1,0,0,0,0,1,0,0.0,0.0,0.0,0.16666666666666666,0.5,0.0
astral-vs-lavked-m2-mirage.dem,8,30.0,3030.0,4600.0,6050.0,0,0,0,0,0,0,0,0,3,0,8,0,T,1,1,A,A,1,2,2,1-2-2,1,0,1,0,0,1,0,0.0,0.0,0.0,0.5,0.8333333333333334,0.0
astral-vs-lavked-m2-mirage.dem,9,2600.0,200.0,5470.0,4490.0,0,0,0,0,0,0,0,0,0,1,9,0,CT,0,0,,no_plant,1,1,2,1-2-1,1,1,0,1,0,0,0,1.0,0.0,0.0,0.0,1.0,0.3333333333333333
astral-vs-lavked-m2-mirage.dem,10,80.0,870.0,4720.0,5640.0,0,0,0,0,0,0,0,0,1,0,10,0,CT,0,0,,no_plant,2,1,2,2-2-1,0,0,1,0,0,1,0,0.0,0.0,0.0,0.16666666666666666,1.0,0.0
astral-vs-lavked-m2-mirage.dem,11,60.0,250.0,2860.0,5580.0,0,0,0,0,0,0,0,0,2,0,11,0,CT,0,0,,no_plant,2,0,3,2-3-0,1,0,0,0,0,1,0,0.0,0.0,0.0,0.3333333333333333,1.0,0.0
astral-vs-lavked-m2-mirage.dem,12,120.0,150.0,840.0,850.0,0,0,0,0,0,0,0,0,0,0,0,1,T,1,1,A,A,1,2,1,1-1-2,0,0,0,0,0,0,1,0.5,0.0,0.0,1.0,1.0,0.0
astral-vs-lavked-m2-mirage.dem,14,1670.0,310.0,4880.0,4780.0,0,0,0,0,0,0,0,0,0,2,2,1,CT,0,0,,no_plant,1,1,2,1-2-1,1,1,0,0,1,0,0,1.0,0.0,0.0,0.16666666666666666,0.0,0.3333333333333333
astral-vs-lavked-m2-mirage.dem,15,50.0,380.0,3400.0,4920.0,0,0,0,0,0,0,0,0,1,0,3,1,CT,0,1,A,A,1,0,3,1-3-0,1,0,0,0,0,1,0,0.0,0.0,0.0,0.3333333333333333,0.16666666666666666,0.0
astral-vs-lavked-m2-mirage.dem,17,90.0,3010.0,4140.0,5610.0,0,0,0,0,0,0,0,0,3,0,5,1,CT,0,1,A,A,1,1,2,1-2-1,1,0,1,0,0,1,0,0.0,0.0,0.0,0.16666666666666666,0.5,0.0
astral-vs-lavked-m2-mirage.dem,20,3240.0,3680.0,5470.0,5920.0,0,0,0,0,0,0,0,0,0,1,8,1,CT,0,0,,no_plant,1,1,2,1-2-1,1,0,1,1,0,0,0,1.0,0.0,0.0,0.0,1.0,1.0
astral-vs-lavked-m2-mirage.dem,21,1010.0,4310.0,5390.0,5990.0,0,0,0,0,0,0,0,0,1,0,9,1,CT,0,0,,no_plant,2,1,2,2-2-1,1,0,0,0,0,1,0,0.0,0.0,0.0,0.16666666666666666,1.0,0.0
astral-vs-lavked-m2-mirage.dem,22,60.0,5390.0,4610.0,6010.0,0,0,0,0,0,0,0,0,2,0,10,1,T,1,0,,no_plant,2,1,2,2-2-1,1,0,0,0,0,1,0,0.0,0.0,0.0,0.3333333333333333,1.0,0.0
b8-vs-inner-circle-m2-mirage.dem,1,680.0,50.0,3780.0,2100.0,0,0,0,0,0,0,0,0,0,1,1,0,T,1,1,B,B,4,0,1,4-1-0,1,1,0,1,0,0,0,1.0,0.0,0.0,0.0,1.0,0.3333333333333333
b8-vs-inner-circle-m2-mirage.dem,2,1930.0,2200.0,4280.0,680.0,0,0,0,0,0,0,0,0,0,2,2,0,T,1,1,A,A,3,1,0,3-0-1,0,0,1,0,1,0,0,1.0,0.0,0.0,0.16666666666666666,0.0,0.3333333333333333
b8-vs-inner-circle-m2-mirage.dem,3,3170.0,110.0,5450.0,5300.0,0,0,0,0,0,0,0,0,0,3,3,0,T,1,1,B,B,2,2,1,2-1-2,0,1,0,1,0,0,0,1.0,0.0,0.0,0.0,0.16666666666666666,0.3333333333333333
b8-vs-inner-circle-m2-mirage.dem,5,510.0,1490.0,5370.0,6170.0,0,0,0,0,0,0,0,0,1,0,5,0,CT,0,0,,no_plant,2,1,1,2-1-1,1,1,1,0,0,1,0,0.0,0.0,0.0,0.3333333333333333,0.16666666666666666,0.0
b8-vs-inner-circle-m2-mirage.dem,6,1750.0,2400.0,1870.0,6190.0,0,0,0,0,0,0,0,0,2,0,6,0,CT,0,0,,no_plant,1,1,3,1-3-1,1,1,0,0,0,1,0,0.0,0.0,0.0,0.5,0.3333333333333333,0.0
b8-vs-inner-circle-m2-mirage.dem,8,460.0,350.0,5370.0,5420.0,0,0,0,0,0,0,0,0,0,1,8,0,CT,0,0,,no_plant,2,1,2,2-2-1,0,1,0,1,0,0,0,1.0,0.0,0.0,0.0,0.6666666666666666,0.3333333333333333
b8-vs-inner-circle-m2-mirage.dem,11,730.0,340.0,4740.0,6350.0,0,0,0,0,0,0,0,0,0,1,11,0,T,1,0,,no_plant,1,2,2,1-2-2,1,1,0,0,1,0,0,1.0,0.0,0.0,0.5,0.0,0.3333333333333333
b8-vs-inner-circle-m2-mirage.dem,12,90.0,140.0,830.0,860.0,0,0,0,0,0,0,0,0,0,0,0,1,CT,0,0,,no_plant,0,3,1,0-1-3,0,0,0,0,0,0,1,0.5,0.0,0.0,1.0,1.0,0.0
b8-vs-inner-circle-m2-mirage.dem,16,330.0,1170.0,4400.0,5690.0,0,0,0,0,0,0,0,0,0,1,4,1,CT,0,0,,no_plant,2,1,1,2-1-1,0,1,1,0,1,0,0,1.0,0.0,0.0,1.0,0.0,0.3333333333333333
b8-vs-inner-circle-m2-mirage.dem,17,70.0,2890.0,2720.0,5990.0,0,0,0,0,0,0,0,0,1,0,5,1,CT,0,0,,no_plant,3,0,2,3-2-0,1,1,1,0,0,1,0,0.0,0.0,0.0,1.0,0.16666666666666666,0.0
big-academy-vs-bestia-m3-mirage.dem,0,0.0,0.0,650.0,650.0,0,0,0,0,0,0,0,0,0,0,0,0,CT,0,1,B,B,5,0,0,5-0-0,0,0,0,0,0,0,1,0.5,0.0,0.0,1.0,1.0,0.0
big-academy-vs-bestia-m3-mirage.dem,1,16000.0,16000.0,200.0,200.0,0,0,0,0,0,0,0,0,1,0,1,0,T,1,1,B,B,1,0,2,1-2-0,0,0,0,0,1,0,0,0.0,0.0,0.0,1.0,0.0,0.3333333333333333
big-academy-vs-bestia-m3-mirage.dem,2,130.0,120.0,870.0,940.0,0,0,0,0,0,0,0,0,0,1,2,0,CT,0,1,B,B,2,1,2,2-2-1,0,0,0,0,1,0,0,1.0,0.0,0.0,1.0,0.0,0.6666666666666666
big-academy-vs-bestia-m3-mirage.dem,3,70.0,2030.0,3900.0,440.0,0,0,0,0,0,0,0,0,1,0,3,0,T,1,1,B,B,0,3,2,0-2-3,0,0,0,0,1,0,0,0.0,0.0,0.0,1.0,0.0,1.0
big-academy-vs-bestia-m3-mirage.dem,4,2740.0,90.0,4370.0,4640.0,0,0,0,0,0,0,0,0,0,1,4,0,T,1,1,B,B,2,1,1,2-1-1,0,1,1,0,1,0,0,1.0,0.0,0.0,1.0,0.0,1.0
big-academy-vs-bestia-m3-mirage.dem,6,3710.0,960.0,4360.0,5650.0,0,0,0,0,0,0,0,0,0,3,6,0,T,1,1,B,B,2,0,3,2-3-0,1,0,0,1,0,0,0,1.0,0.0,0.0,0.0,0.16666666666666666,0.3333333333333333
big-academy-vs-bestia-m3-mirage.dem,7,3200.0,80.0,5530.0,4840.0,0,0,0,1,0,0,0,0,0,4,7,0,T,1,1,A,A,3,1,1,3-1-1,0,0,0,0,1,0,0,1.0,0.0,0.0,0.16666666666666666,0.0,0.3333333333333333
big-academy-vs-bestia-m3-mirage.dem,12,5050.0,240.0,5670.0,5470.0,0,0,0,0,0,0,0,0,0,0,0,1,CT,0,1,B,B,1,3,1,1-1-3,1,0,0,0,0,0,1,0.5,0.0,0.0,1.0,1.0,0.0
big-academy-vs-bestia-m3-mirage.dem,13,3780.0,350.0,5610.0,3890.0,0,0,0,0,0,0,0,0,1,0,1,1,CT,0,0,,no_plant,1,0,3,1-3-0,0,0,1,0,1,0,0,0.0,0.0,0.0,1.0,0.0,0.3333333333333333
big-academy-vs-bestia-m3-mirage.dem,14,170.0,1730.0,5110.0,6600.0,0,0,0,0,0,0,0,0,2,0,2,1,T,1,1,B,B,2,1,1,2-1-1,0,0,0,0,0,1,0,0.0,0.0,0.0,1.0,0.16666666666666666,0.0
big-academy-vs-bestia-m3-mirage.dem,17,2180.0,40.0,4920.0,5300.0,0,0,0,0,0,0,0,0,1,0,5,1,CT,0,0,,no_plant,2,0,2,2-2-0,1,0,1,0,1,0,0,0.0,0.0,0.0,1.0,0.0,1.0
big-academy-vs-bestia-m3-mirage.dem,18,2230.0,1680.0,5450.0,3640.0,0,0,0,0,0,0,0,0,2,0,6,1,CT,0,0,,no_plant,1,0,3,1-3-0,1,1,1,0,0,1,0,0.0,0.0,0.0,1.0,0.16666666666666666,0.0
big-academy-vs-bestia-m3-mirage.dem,19,30.0,2400.0,3680.0,5510.0,0,0,0,0,0,0,0,0,3,0,7,1,CT,0,0,,no_plant,2,1,2,2-2-1,1,0,1,0,0,1,0,0.0,0.0,0.0,1.0,0.3333333333333333,0.0
big-academy-vs-bestia-m3-mirage.dem,20,620.0,120.0,5050.0,5270.0,0,0,0,0,0,0,0,0,4,0,8,1,CT,0,0,,no_plant,2,2,1,2-1-2,1,1,1,0,0,1,0,0.0,0.0,0.0,1.0,0.5,0.0
big-academy-vs-bestia-m3-mirage.dem,21,460.0,1770.0,4820.0,1730.0,0,0,0,0,0,0,0,0,5,0,9,1,CT,0,0,,no_plant,2,1,2,2-2-1,0,1,0,0,0,1,0,0.0,0.0,0.0,1.0,0.6666666666666666,0.0
big-academy-vs-bestia-m3-mirage.dem,22,1920.0,360.0,5040.0,5540.0,0,0,0,0,0,0,0,0,5,0,10,1,CT,0,0,,no_plant,2,1,2,2-2-1,1,1,1,0,0,1,0,0.0,0.0,0.0,1.0,0.8333333333333334,0.0
boss-vs-flyquest-red-m1-mirage.dem,0,0.0,0.0,650.0,650.0,0,0,0,0,0,0,0,0,0,0,0,0,CT,0,1,B,B,5,0,0,5-0-0,0,0,0,0,0,0,1,0.5,0.0,0.0,1.0,1.0,0.0
boss-vs-flyquest-red-m1-mirage.dem,1,16000.0,16000.0,200.0,300.0,0,0,0,0,0,0,0,0,1,0,1,0,CT,0,1,B,B,1,0,1,1-1-0,0,0,0,0,1,0,0,0.0,0.0,0.0,1.0,0.0,0.3333333333333333
boss-vs-flyquest-red-m1-mirage.dem,2,108.33333333333333,120.0,758.3333333333334,880.0,0,0,0,0,0,0,0,0,2,0,2,0,CT,0,1,B,B,2,1,2,2-2-1,0,1,0,0,1,0,0,0.0,0.0,0.0,1.0,0.0,0.6666666666666666
boss-vs-flyquest-red-m1-mirage.dem,3,2225.0,50.0,300.0,4710.0,0,0,0,0,0,0,0,0,3,0,3,0,CT,0,1,A,A,2,1,2,2-2-1,1,0,0,0,1,0,0,0.0,0.0,0.0,1.0,0.0,1.0
boss-vs-flyquest-red-m1-mirage.dem,8,1658.3333333333333,6840.0,1508.3333333333333,6210.0,0,0,1,0,0,0,0,0,5,0,8,0,CT,0,1,A,A,2,2,1,2-1-2,1,1,0,1,0,0,0,0.0,0.0,0.0,0.0,0.8333333333333334,1.0
boss-vs-flyquest-red-m1-mirage.dem,9,925.0,2890.0,4658.333333333333,5950.0,0,0,0,0,0,0,0,0,5,0,9,0,CT,0,1,A,A,1,2,2,1-2-2,1,1,0,1,0,0,0,0.0,0.0,0.0,0.0,1.0,1.0
boss-vs-flyquest-red-m1-mirage.dem,10,1200.0,50.0,4541.666666666667,5330.0,0,0,0,0,0,0,0,0,5,0,10,0,T,1,1,A,A,1,1,3,1-3-1,1,0,0,1,0,0,0,0.0,0.0,0.0,0.0,1.0,1.0
boss-vs-flyquest-red-m1-mirage.dem,11,108.33333333333333,490.0,3841.6666666666665,5660.0,0,0,0,0,0,0,0,0,0,1,11,0,T,1,1,A,A,3,2,0,3-0-2,1,0,0,1,0,0,0,1.0,0.0,0.0,0.0,1.0,1.0
boss-vs-flyquest-red-m1-mirage.dem,12,375.0,20.0,4016.6666666666665,2450.0,0,0,0,0,0,0,0,0,0,0,0,1,T,1,1,B,B,1,1,3,1-3-1,1,1,1,0,0,0,1,0.5,0.0,0.0,1.0,1.0,0.0
boss-vs-flyquest-red-m1-mirage.dem,14,140.0,258.3333333333333,860.0,708.3333333333334,0,0,0,0,0,0,0,0,1,0,2,1,CT,0,1,A,A,2,0,3,2-3-0,1,0,0,1,0,0,0,0.0,0.0,0.0,0.0,0.16666666666666666,0.3333333333333333
boss-vs-flyquest-red-m1-mirage.dem,15,410.0,1891.6666666666667,4150.0,166.66666666666666,0,0,0,0,0,0,0,0,2,0,3,1,T,1,1,A,A,1,3,0,1-0-3,0,0,1,1,0,0,0,0.0,0.0,0.0,0.0,0.3333333333333333,0.6666666666666666
boss-vs-flyquest-red-m1-mirage.dem,16,2860.0,58.333333333333336,4440.0,4000.0,0,0,0,0,0,0,0,0,0,1,4,1,T,1,1,A,A,3,0,1,3-1-0,0,0,0,1,0,0,0,1.0,0.0,0.0,0.0,0.5,1.0
faceit_HL_1.dem,0,0.0,0.0,650.0,650.0,0,0,0,0,0,0,0,0,0,0,0,0,CT,0,0,,no_plant,5,0,0,5-0-0,0,0,0,0,0,0,1,0.5,0.0,0.0,1.0,1.0,0.0
faceit_HL_1.dem,2,190.0,150.0,770.0,850.0,0,0,0,0,0,0,2,0,2,0,2,0,CT,0,0,,no_plant,2,2,1,2-1-2,0,0,1,0,0,1,0,0.0,0.0,0.0,1.0,1.0,0.0
faceit_HL_1.dem,3,1590.0,270.0,930.0,3840.0,0,0,0,0,0,0,0,4,3,0,3,0,CT,0,0,,no_plant,2,1,2,2-2-1,0,0,0,0,0,1,0,0.0,0.0,0.0,1.0,1.0,0.0
faceit_HL_1.dem,4,130.0,1360.0,4240.0,5080.0,0,0,0,0,0,0,4,4,4,0,4,0,CT,0,0,,no_plant,2,1,1,2-1-1,1,0,1,0,0,1,0,0.0,0.0,0.0,1.0,1.0,0.0
faceit_HL_1.dem,5,2180.0,1690.0,1030.0,5940.0,0,0,0,0,0,0,0,9,5,0,5,0,CT,0,1,A,A,2,1,2,2-2-1,1,0,0,0,0,1,0,0.0,0.0,0.0,1.0,1.0,0.0
faceit_HL_1.dem,6,550.0,4290.0,5230.0,6610.0,0,0,0,0,0,0,4,9,5,0,6,0,CT,0,1,A,A,2,1,2,2-2-1,1,1,1,1,0,0,0,0.0,0.0,0.0,0.0,1.0,0.3333333333333333
faceit_HL_1.dem,8,2150.0,1020.0,5150.0,2970.0,0,0,1,0,0,0,11,4,5,0,8,0,CT,0,1,B,B,0,1,1,0-1-1,1,1,0,1,0,0,0,0.0,0.0,0.0,0.0,1.0,1.0
faceit_HL_1.dem,9,1840.0,1770.0,5330.0,1250.0,0,0,0,0,0,0,10,1,5,0,9,0,CT,0,1,A,A,3,0,1,3-1-0,1,1,1,0,1,0,0,0.0,0.0,0.0,0.16666666666666666,0.0,0.3333333333333333
faceit_HL_1.dem,10,2470.0,690.0,5350.0,3860.0,0,0,0,0,0,0,14,0,5,0,10,0,CT,0,1,A,A,2,1,2,2-2-1,1,0,1,1,0,0,0,0.0,0.0,0.0,0.0,0.16666666666666666,0.3333333333333333
faceit_HL_1.dem,12,5240.0,380.0,5410.0,5440.0,0,0,0,1,0,0,10,1,0,0,0,1,CT,0,0,,no_plant,2,1,2,2-2-1,1,0,1,0,0,0,1,0.5,0.0,0.0,1.0,1.0,0.0
faceit_HL_1.dem,13,1540.0,1200.0,5300.0,6130.0,0,0,0,0,0,0,0,11,1,0,1,1,CT,0,1,B,B,2,1,2,2-2-1,1,0,1,0,0,1,0,0.0,0.0,0.0,1.0,1.0,0.0
faceit_HL_1.dem,14,110.0,120.0,850.0,840.0,0,0,0,0,0,0,3,0,2,0,2,1,T,1,1,B,B,3,1,1,3-1-1,1,0,1,0,1,0,0,0.0,0.0,0.0,1.0,0.0,0.3333333333333333
faceit_HL_1.dem,15,1510.0,250.0,600.0,4260.0,0,0,0,0,0,1,0,5,0,1,3,1,T,1,1,B,B,1,1,1,1-1-1,1,0,0,0,1,0,0,1.0,0.0,0.0,1.0,0.0,0.6666666666666666
faceit_HL_1.dem,16,70.0,2020.0,4680.0,4880.0,0,0,0,0,0,0,10,8,0,2,4,1,T,1,1,A,A,3,1,1,3-1-1,1,0,0,0,1,0,0,1.0,0.0,0.0,1.0,0.0,1.0
faceit_HL_1.dem,17,830.0,1470.0,4460.0,3480.0,0,1,0,2,0,0,4,5,0,3,5,1,CT,0,1,A,A,3,1,1,3-1-1,1,0,1,1,0,0,0,1.0,0.0,0.0,0.0,0.16666666666666666,0.3333333333333333
faceit_HL_1.dem,18,120.0,1290.0,3670.0,5130.0,0,0,0,0,0,0,8,9,1,0,6,1,CT,0,1,B,B,2,1,2,2-2-1,1,0,1,1,0,0,0,0.0,0.0,0.5,0.0,0.3333333333333333,0.6666666666666666
faceit_HL_1.dem,20,1110.0,1120.0,4980.0,2560.0,0,0,0,0,0,0,15,2,3,0,8,1,CT,0,1,A,A,2,1,1,2-1-1,1,0,0,1,0,0,0,0.0,0.0,0.0,0.0,0.16666666666666666,0.3333333333333333
faceit_HL_2.dem,0,0.0,0.0,650.0,650.0,0,0,0,0,0,0,0,0,0,0,0,0,CT,0,1,A,A,4,0,0,4-0-0,0,0,0,0,0,0,1,0.5,0.0,0.0,1.0,1.0,0.0
faceit_HL_2.dem,1,16000.0,16000.0,340.0,400.0,0,0,0,0,0,0,0,0,1,0,1,0,CT,0,1,A,A,1,0,2,1-2-0,0,0,0,1,0,0,0,0.0,0.0,0.0,0.0,1.0,0.3333333333333333
faceit_HL_2.dem,2,280.0,290.0,720.0,710.0,0,0,0,0,0,0,0,2,2,0,2,0,CT,0,1,A,A,2,1,1,2-1-1,0,0,0,1,0,0,0,0.0,0.0,0.0,0.0,1.0,0.6666666666666666
faceit_HL_2.dem,3,580.0,2270.0,3380.0,340.0,0,0,0,0,1,0,4,0,3,0,3,0,CT,0,1,A,A,1,0,4,1-4-0,1,0,0,1,0,0,0,0.0,0.0,0.0,0.0,1.0,1.0
faceit_HL_2.dem,6,2460.0,750.0,5370.0,5710.0,0,0,0,0,0,0,13,6,5,0,6,0,CT,0,1,A,A,2,0,2,2-2-0,1,0,1,1,0,0,0,0.0,0.0,0.0,0.0,1.0,1.0
faceit_HL_2.dem,7,2500.0,60.0,4530.0,4780.0,0,0,1,0,0,0,10,6,5,0,7,0,T,1,1,A,A,1,1,2,1-2-1,0,0,1,1,0,0,0,0.0,0.0,0.0,0.0,1.0,1.0
faceit_HL_2.dem,8,1990.0,220.0,5390.0,3930.0,0,0,0,0,0,0,10,5,0,1,8,0,T,1,1,A,A,3,2,0,3-0-2,1,0,0,1,0,0,0,1.0,0.0,0.0,0.0,1.0,1.0
faceit_HL_2.dem,9,3160.0,2320.0,5510.0,560.0,0,0,0,0,0,0,11,0,0,2,9,0,T,1,1,B,B,3,0,1,3-1-0,1,0,1,1,0,0,0,1.0,0.0,0.0,0.0,1.0,1.0
faceit_HL_2.dem,10,3800.0,680.0,5390.0,5480.0,0,1,0,2,0,0,16,6,0,3,10,0,T,1,1,B,B,3,0,1,3-1-0,1,1,0,0,1,0,0,1.0,0.0,0.0,0.16666666666666666,0.0,0.3333333333333333
faceit_HL_2.dem,13,30.0,1050.0,3990.0,6420.0,0,0,0,1,0,0,4,9,1,0,1,1,CT,0,0,,no_plant,2,0,2,2-2-0,1,1,0,0,0,1,0,0.0,0.0,0.0,1.0,1.0,0.0
faceit_HL_2.dem,14,220.0,150.0,780.0,850.0,0,0,0,0,0,0,0,0,2,0,2,1,CT,0,0,,no_plant,2,1,2,2-2-1,0,0,0,0,0,1,0,0.0,0.0,0.0,1.0,1.0,0.0
faceit_HL_2.dem,16,60.0,3350.0,4440.0,4620.0,0,0,0,0,0,0,4,9,4,0,4,1,CT,0,0,,no_plant,2,0,2,2-2-0,1,1,1,0,0,1,0,0.0,0.0,0.0,1.0,1.0,0.0
faceit_HL_2.dem,17,210.0,5470.0,3010.0,4950.0,0,0,0,0,1,0,5,11,5,0,5,1,CT,0,1,B,B,2,1,1,2-1-1,1,0,0,0,0,1,0,0.0,0.0,0.0,1.0,1.0,0.0
faceit_HL_2.dem,18,100.0,6290.0,3890.0,5830.0,0,0,0,0,0,0,1,0,5,0,6,1,CT,0,1,B,B,2,0,1,2-1-0,1,0,0,0,1,0,0,0.0,0.0,0.0,1.0,0.0,0.3333333333333333
faceit_HL_3.dem,0,0.0,0.0,650.0,650.0,0,0,0,0,0,0,0,0,0,0,0,0,CT,0,0,,no_plant,5,0,0,5-0-0,0,0,0,0,0,0,1,0.5,0.0,0.0,1.0,1.0,0.0
faceit_HL_3.dem,1,16000.0,16000.0,940.0,400.0,0,0,0,0,0,0,0,0,1,0,1,0,CT,0,0,,no_plant,2,0,2,2-2-0,0,0,0,0,0,1,0,0.0,0.0,0.0,1.0,1.0,0.0
faceit_HL_3.dem,4,1250.0,2170.0,3050.0,5590.0,0,0,1,0,0,0,4,11,4,0,4,0,CT,0,0,,no_plant,1,1,3,1-3-1,0,0,1,0,0,1,0,0.0,0.0,0.0,1.0,1.0,0.0
faceit_HL_3.dem,5,1440.0,2580.0,2910.0,5430.0,1,0,1,0,1,0,0,9,5,0,5,0,CT,0,1,A,A,2,1,2,2-2-1,0,1,0,0,0,1,0,0.0,0.0,0.0,1.0,1.0,0.0
faceit_HL_3.dem,6,920.0,4800.0,4720.0,5810.0,0,0,1,0,0,0,12,12,5,0,6,0,CT,0,1,A,A,3,2,0,3-0-2,1,0,0,1,0,0,0,0.0,0.5,0.0,0.0,1.0,0.3333333333333333
faceit_HL_3.dem,8,1930.0,2770.0,4510.0,5530.0,0,0,0,1,0,0,12,11,5,0,8,0,CT,0,1,B,B,3,1,1,3-1-1,1,0,0,1,0,0,0,0.0,0.5,0.0,0.0,1.0,1.0
faceit_HL_3.dem,9,1220.0,2270.0,3300.0,5850.0,0,0,1,0,0,0,5,14,5,0,9,0,CT,0,1,B,B,3,0,2,3-2-0,1,0,0,0,1,0,0,0.0,0.0,0.0,0.16666666666666666,0.0,0.3333333333333333
faceit_HL_3.dem,10,1730.0,2300.0,4590.0,1900.0,0,0,1,1,0,0,12,2,5,0,10,0,T,1,1,A,A,1,1,2,1-2-1,1,0,0,0,1,0,0,0.0,0.0,0.0,0.3333333333333333,0.0,0.6666666666666666
faceit_HL_3.dem,12,3320.0,2080.0,5610.0,860.0,0,0,0,0,0,0,13,1,0,0,0,1,T,1,1,B,B,2,2,1,2-1-2,0,0,0,0,0,0,1,0.5,0.0,0.0,1.0,1.0,0.0
faceit_HL_3.dem,14,220.0,280.0,740.0,720.0,0,0,0,0,0,0,0,0,1,0,2,1,T,1,1,A,A,1,0,4,1-4-0,0,0,0,1,0,0,0,0.0,0.0,0.0,0.0,0.16666666666666666,0.3333333333333333
faceit_HL_3.dem,17,3630.0,740.0,4700.0,3920.0,0,0,1,1,0,0,5,3,0,3,5,1,CT,0,1,A,A,2,1,2,2-2-1,1,0,1,0,1,0,0,1.0,0.0,0.0,0.3333333333333333,0.0,0.6666666666666666
faceit_HL_3.dem,18,1610.0,1380.0,3620.0,4850.0,0,0,1,0,0,0,9,10,1,0,6,1,CT,0,1,A,A,2,0,2,2-2-0,1,1,1,1,0,0,0,0.0,0.0,0.0,0.0,0.16666666666666666,0.3333333333333333
faceit_KZ_1.dem,0,0.0,0.0,650.0,650.0,0,0,0,0,0,0,0,0,0,0,0,0,CT,0,0,,no_plant,5,0,0,5-0-0,0,0,0,0,0,0,1,0.5,0.0,0.0,1.0,1.0,0.0
faceit_KZ_1.dem,1,16000.0,16000.0,940.0,1560.0,0,0,1,1,0,0,0,0,1,0,1,0,CT,0,0,,no_plant,0,0,0,0-0-0,0,0,0,0,0,1,0,0.0,0.0,0.0,1.0,1.0,0.0
faceit_KZ_1.dem,2,120.0,150.0,840.0,850.0,0,0,0,0,0,0,1,0,2,0,2,0,T,1,1,A,A,3,1,1,3-1-1,1,0,0,0,0,1,0,0.0,0.0,0.0,1.0,1.0,0.0
faceit_KZ_1.dem,3,1880.0,810.0,710.0,3770.0,0,0,0,1,0,0,0,5,0,1,3,0,T,1,1,A,A,3,1,1,3-1-1,1,0,1,1,0,0,0,1.0,0.0,0.0,0.0,1.0,0.3333333333333333
faceit_KZ_1.dem,4,580.0,2110.0,4100.0,4350.0,0,0,0,0,0,1,8,6,0,2,4,0,T,1,1,A,A,3,1,1,3-1-1,1,0,1,1,0,0,0,1.0,0.0,0.0,0.0,1.0,0.6666666666666666
faceit_KZ_1.dem,7,270.0,4020.0,4020.0,5270.0,0,0,0,1,0,0,2,9,2,0,7,0,CT,0,1,A,A,2,2,1,2-1-2,1,1,0,1,0,0,0,0.0,0.0,0.0,0.0,1.0,1.0
faceit_KZ_1.dem,11,2430.0,7570.0,3400.0,4980.0,2,0,3,0,0,0,7,9,5,0,11,0,CT,0,1,B,B,2,2,0,2-0-2,1,1,0,0,1,0,0,0.0,0.0,0.0,0.5,0.0,1.0
faceit_KZ_1.dem,12,1090.0,7900.0,4080.0,6010.0,0,0,0,1,0,0,4,10,0,0,0,1,CT,0,1,B,B,1,1,1,1-1-1,1,1,1,0,0,0,1,0.5,0.0,0.0,1.0,1.0,0.0
faceit_KZ_1.dem,13,660.0,8320.0,4710.0,5930.0,0,0,0,1,0,0,11,9,1,0,1,1,CT,0,0,,no_plant,3,0,1,3-1-0,1,1,0,0,1,0,0,0.0,0.0,0.0,1.0,0.0,0.3333333333333333
faceit_KZ_2.dem,0,0.0,0.0,650.0,650.0,0,0,0,0,0,0,0,0,0,0,0,0,CT,0,1,B,B,4,0,0,4-0-0,0,0,0,0,0,0,1,0.5,0.0,0.0,1.0,1.0,0.0
faceit_KZ_2.dem,1,16000.0,16000.0,200.0,200.0,0,0,0,0,0,0,0,0,1,0,1,0,T,1,1,B,B,0,0,0,0-0-0,0,0,0,0,1,0,0,0.0,0.0,0.0,1.0,0.0,0.3333333333333333
faceit_KZ_2.dem,2,130.0,290.0,790.0,670.0,0,0,0,0,0,0,1,0,0,1,2,0,T,1,1,B,B,1,2,1,1-1-2,0,0,0,0,1,0,0,1.0,0.0,0.0,1.0,0.0,0.6666666666666666
faceit_KZ_2.dem,3,1750.0,2050.0,2360.0,480.0,0,0,0,0,0,0,8,0,0,2,3,0,T,1,1,A,A,3,0,2,3-2-0,0,0,0,0,1,0,0,1.0,0.0,0.0,1.0,0.0,1.0
faceit_KZ_2.dem,6,1450.0,830.0,5370.0,4800.0,0,0,0,0,0,0,11,6,1,0,6,0,CT,0,1,B,B,2,2,1,2-1-2,1,0,0,0,1,0,0,0.0,0.0,0.0,0.16666666666666666,0.0,0.3333333333333333
faceit_KZ_2.dem,9,2660.0,1330.0,5690.0,4440.0,0,0,0,0,0,0,9,7,4,0,9,0,CT,0,1,A,A,2,2,1,2-1-2,1,1,1,0,0,1,0,0.0,0.0,0.0,0.16666666666666666,0.3333333333333333,0.0
faceit_KZ_2.dem,10,190.0,2830.0,4150.0,5600.0,0,0,0,1,0,0,7,5,5,0,10,0,CT,0,1,A,A,3,1,1,3-1-1,1,1,1,1,0,0,0,0.0,0.0,0.0,0.0,0.5,0.3333333333333333
faceit_KZ_2.dem,12,860.0,5130.0,4250.0,6020.0,0,0,0,0,0,0,8,6,0,0,0,1,CT,0,1,A,A,3,0,2,3-2-0,1,0,1,0,0,0,1,0.5,0.0,0.0,1.0,1.0,0.0
faceit_KZ_2.dem,13,50.0,5020.0,4030.0,6050.0,0,0,0,0,0,0,4,10,1,0,1,1,CT,0,1,A,A,3,1,1,3-1-1,1,0,0,1,0,0,0,0.0,0.0,0.0,0.0,1.0,0.3333333333333333
faceit_KZ_2.dem,15,1200.0,1210.0,2890.0,1190.0,0,0,0,0,0,0,0,0,0,1,3,1,T,1,1,A,A,2,0,2,2-2-0,1,0,0,0,1,0,0,1.0,0.0,0.0,0.16666666666666666,0.0,0.3333333333333333
faceit_KZ_2.dem,16,2870.0,60.0,3860.0,4200.0,0,0,0,0,0,0,10,2,0,2,4,1,T,1,1,B,B,3,1,1,3-1-1,1,0,1,1,0,0,0,1.0,0.0,0.0,0.0,0.16666666666666666,0.3333333333333333
faze-vs-illwill-m2-mirage.dem,0,130.0,90.0,870.0,890.0,0,0,0,0,0,0,0,0,0,0,0,0,CT,0,1,B,B,3,2,0,3-0-2,0,0,0,0,0,0,1,0.5,0.0,0.0,1.0,1.0,0.0
faze-vs-illwill-m2-mirage.dem,1,150.0,170.0,2940.0,4230.0,0,0,0,0,0,0,0,0,1,0,1,0,T,1,1,A,A,2,1,2,2-2-1,1,0,0,0,1,0,0,0.0,0.0,0.0,1.0,0.0,0.3333333333333333
faze-vs-illwill-m2-mirage.dem,3,2250.0,90.0,5080.0,3820.0,0,0,0,0,0,0,0,0,0,2,3,0,T,1,1,B,B,1,0,4,1-4-0,1,0,1,0,1,0,0,1.0,0.0,0.0,0.16666666666666666,0.0,0.3333333333333333
faze-vs-illwill-m2-mirage.dem,5,4220.0,1300.0,5490.0,5550.0,0,0,0,0,0,0,0,0,0,4,5,0,T,1,1,A,A,2,2,1,2-1-2,1,0,0,1,0,0,0,1.0,0.0,0.0,0.0,0.16666666666666666,0.3333333333333333
faze-vs-illwill-m2-mirage.dem,6,4290.0,290.0,5510.0,4860.0,0,0,0,0,0,0,0,0,0,5,6,0,CT,0,0,,no_plant,2,1,2,2-2-1,1,1,0,1,0,0,0,1.0,0.0,0.0,0.0,0.3333333333333333,0.6666666666666666
faze-vs-illwill-m2-mirage.dem,7,1070.0,40.0,5000.0,4170.0,0,0,0,0,0,0,0,0,1,0,7,0,T,1,1,A,A,2,1,1,2-1-1,1,1,0,0,0,1,0,0.0,0.0,0.0,0.16666666666666666,0.5,0.0
faze-vs-illwill-m2-mirage.dem,8,2120.0,2130.0,5080.0,1030.0,0,0,0,0,0,0,0,0,0,1,8,0,T,1,1,A,A,2,0,2,2-2-0,1,1,0,1,0,0,0,1.0,0.0,0.0,0.0,0.6666666666666666,0.3333333333333333
faze-vs-illwill-m2-mirage.dem,10,280.0,3120.0,4720.0,6130.0,0,0,0,0,0,0,0,0,1,0,10,0,T,1,1,B,B,2,1,2,2-2-1,1,0,1,0,0,1,0,0.0,0.0,0.0,0.16666666666666666,1.0,0.0
faze-vs-illwill-m2-mirage.dem,11,1060.0,200.0,5330.0,5960.0,0,0,0,0,0,0,0,0,0,1,11,0,T,1,0,,no_plant,2,0,2,2-2-0,1,0,1,0,1,0,0,1.0,0.0,0.0,0.3333333333333333,0.0,0.3333333333333333
faze-vs-illwill-m2-mirage.dem,12,100.0,120.0,920.0,840.0,0,0,0,0,0,0,0,0,0,0,0,1,CT,0,1,B,B,1,1,3,1-3-1,0,1,0,0,0,0,1,0.5,0.0,0.0,1.0,1.0,0.0
faze-vs-illwill-m2-mirage.dem,13,140.0,80.0,2820.0,4580.0,0,0,0,0,0,0,0,0,1,0,1,1,CT,0,0,,no_plant,1,1,3,1-3-1,1,0,0,0,1,0,0,0.0,0.0,0.0,1.0,0.0,0.3333333333333333
faze-vs-illwill-m2-mirage.dem,14,80.0,1080.0,2700.0,5460.0,0,0,0,0,0,0,0,0,2,0,2,1,CT,0,0,,no_plant,2,1,2,2-2-1,1,1,1,0,0,1,0,0.0,0.0,0.0,1.0,0.16666666666666666,0.0
faze-vs-illwill-m2-mirage.dem,16,350.0,50.0,4360.0,3640.0,0,0,0,0,0,0,0,0,0,1,4,1,T,1,1,A,A,3,1,1,3-1-1,0,0,0,1,0,0,0,1.0,0.0,0.0,0.0,0.5,0.3333333333333333
furia-vs-vitality-m1-mirage.dem,0,130.0,120.0,1030.0,900.0,0,0,0,0,0,0,0,0,0,0,0,0,T,1,0,,no_plant,4,1,0,4-0-1,1,1,0,0,0,0,1,0.5,0.0,0.0,1.0,1.0,0.0
furia-vs-vitality-m1-mirage.dem,4,110.0,6840.0,4620.0,5400.0,0,0,0,0,0,0,0,0,3,0,4,0,CT,0,0,,no_plant,1,1,3,1-3-1,1,0,0,0,0,1,0,0.0,0.0,0.0,1.0,1.0,0.0
furia-vs-vitality-m1-mirage.dem,5,1440.0,9720.0,1610.0,5680.0,0,0,0,0,0,0,0,0,4,0,5,0,CT,0,0,,no_plant,2,1,2,2-2-1,1,0,0,0,0,1,0,0.0,0.0,0.0,1.0,1.0,0.0
furia-vs-vitality-m1-mirage.dem,11,90.0,9770.0,3760.0,6310.0,0,0,0,0,0,0,0,0,4,0,11,0,T,1,1,A,A,1,0,4,1-4-0,1,0,0,0,0,1,0,0.0,0.0,0.0,0.5,0.6666666666666666,0.0
furia-vs-vitality-m1-mirage.dem,12,110.0,120.0,970.0,800.0,0,0,0,0,0,0,0,0,0,0,0,1,CT,0,1,A,A,2,2,1,2-1-2,1,0,0,0,0,0,1,0.5,0.0,0.0,1.0,1.0,0.0
furia-vs-vitality-m1-mirage.dem,13,390.0,50.0,2520.0,4680.0,0,0,0,0,0,0,0,0,1,0,1,1,CT,0,1,A,A,1,1,2,1-2-1,1,0,0,1,0,0,0,0.0,0.0,0.0,0.0,1.0,0.3333333333333333
furia-vs-vitality-m1-mirage.dem,14,1880.0,650.0,1410.0,5640.0,0,0,0,0,0,0,0,0,2,0,2,1,CT,0,0,,no_plant,1,1,3,1-3-1,1,0,1,1,0,0,0,0.0,0.0,0.0,0.0,1.0,0.6666666666666666
furia-vs-vitality-m1-mirage.dem,15,40.0,870.0,4850.0,6070.0,0,0,0,0,0,0,0,0,3,0,3,1,CT,0,1,B,B,1,1,3,1-3-1,1,0,1,0,0,1,0,0.0,0.0,0.0,0.16666666666666666,1.0,0.0
furia-vs-vitality-m1-mirage.dem,16,80.0,1380.0,4400.0,5910.0,0,0,0,0,0,0,0,0,4,0,4,1,T,1,1,A,A,1,1,3,1-3-1,1,0,0,0,1,0,0,0.0,0.0,0.0,0.3333333333333333,0.0,0.3333333333333333
furia-vs-vitality-m1-mirage.dem,18,410.0,280.0,4850.0,4140.0,0,0,0,0,0,0,0,0,0,2,6,1,CT,0,0,,no_plant,2,0,3,2-3-0,1,0,1,1,0,0,0,1.0,0.0,0.0,0.0,0.3333333333333333,0.6666666666666666
furia-vs-vitality-m1-mirage.dem,20,1720.0,3280.0,1430.0,6250.0,0,0,0,0,0,0,0,0,2,0,8,1,CT,0,0,,no_plant,1,2,2,1-2-2,0,1,0,0,0,1,0,0.0,0.0,0.0,0.3333333333333333,0.6666666666666666,0.0
furia-vs-vitality-m1-mirage.dem,21,150.0,4770.0,4880.0,6720.0,0,0,0,0,0,0,0,0,3,0,9,1,CT,0,1,A,A,2,0,3,2-3-0,1,0,0,0,0,1,0,0.0,0.0,0.0,0.5,0.8333333333333334,0.0
furia-vs-vitality-m1-mirage.dem,22,130.0,3380.0,4580.0,6420.0,0,0,0,0,0,0,0,0,4,0,10,1,CT,0,1,A,A,1,1,3,1-3-1,1,0,1,1,0,0,0,0.0,0.0,0.0,0.0,1.0,0.3333333333333333
fut-vs-the-mongolz-m2-mirage.dem,0,120.0,120.0,1020.0,800.0,0,0,0,0,0,0,0,0,0,0,0,0,CT,0,1,A,A,3,0,2,3-2-0,1,0,0,0,0,0,1,0.5,0.0,0.0,1.0,1.0,0.0
fut-vs-the-mongolz-m2-mirage.dem,2,2070.0,670.0,720.0,4370.0,0,0,0,0,0,0,0,0,2,0,2,0,T,1,1,B,B,1,0,2,1-2-0,1,0,0,0,0,1,0,0.0,0.0,0.0,0.16666666666666666,1.0,0.0
fut-vs-the-mongolz-m2-mirage.dem,3,2380.0,90.0,5390.0,3140.0,0,0,1,0,0,0,0,0,0,1,3,0,T,1,1,A,A,1,0,3,1-3-0,1,0,1,0,1,0,0,1.0,0.0,0.0,0.3333333333333333,0.0,0.3333333333333333
fut-vs-the-mongolz-m2-mirage.dem,4,3760.0,2210.0,5280.0,200.0,0,0,0,0,0,0,0,0,0,2,4,0,T,1,1,A,A,1,0,2,1-2-0,1,0,0,1,0,0,0,1.0,0.0,0.0,0.0,0.16666666666666666,0.3333333333333333
fut-vs-the-mongolz-m2-mirage.dem,5,4200.0,80.0,5610.0,5160.0,0,0,0,0,0,0,0,0,0,3,5,0,CT,0,1,A,A,1,0,4,1-4-0,0,0,1,1,0,0,0,1.0,0.0,0.0,0.0,0.3333333333333333,0.6666666666666666
fut-vs-the-mongolz-m2-mirage.dem,6,1600.0,1060.0,5000.0,5400.0,0,0,0,0,0,0,0,0,1,0,6,0,T,1,1,A,A,1,0,4,1-4-0,1,0,1,1,0,0,0,0.0,0.0,0.0,0.0,0.5,1.0
fut-vs-the-mongolz-m2-mirage.dem,7,3350.0,2100.0,5470.0,1090.0,0,0,0,0,0,0,0,0,0,1,7,0,CT,0,0,,no_plant,1,2,2,1-2-2,0,1,1,1,0,0,0,1.0,0.0,0.0,0.0,0.6666666666666666,1.0
fut-vs-the-mongolz-m2-mirage.dem,8,350.0,2280.0,4760.0,5970.0,0,0,0,0,0,0,0,0,1,0,8,0,CT,0,0,,no_plant,2,1,2,2-2-1,0,1,1,0,0,1,0,0.0,0.0,0.0,0.16666666666666666,0.8333333333333334,0.0
fut-vs-the-mongolz-m2-mirage.dem,9,2030.0,2660.0,520.0,5910.0,0,0,0,0,0,0,0,0,2,0,9,0,CT,0,0,,no_plant,1,1,3,1-3-1,1,0,0,0,0,1,0,0.0,0.0,0.0,0.3333333333333333,1.0,0.0
fut-vs-the-mongolz-m2-mirage.dem,10,120.0,2040.0,4870.0,5840.0,0,0,0,0,0,0,0,0,3,0,10,0,CT,0,0,,no_plant,1,0,4,1-4-0,0,1,1,0,0,1,0,0.0,0.0,0.0,0.5,1.0,0.0
fut-vs-the-mongolz-m2-mirage.dem,12,130.0,90.0,930.0,870.0,0,0,0,0,0,0,0,0,0,0,0,1,T,1,1,B,B,2,0,2,2-2-0,0,1,1,0,0,0,1,0.5,0.0,0.0,1.0,1.0,0.0
fut-vs-the-mongolz-m2-mirage.dem,14,20.0,1180.0,1660.0,5270.0,0,0,0,0,0,0,0,0,1,0,2,1,CT,0,0,,no_plant,2,2,1,2-1-2,1,0,0,0,0,1,0,0.0,0.0,0.0,1.0,0.16666666666666666,0.0
fut-vs-the-mongolz-m2-mirage.dem,16,200.0,4940.0,5060.0,6230.0,0,0,0,0,0,0,0,0,3,0,4,1,CT,0,1,A,A,2,0,2,2-2-0,0,1,0,0,1,0,0,0.0,0.0,0.0,1.0,0.0,0.3333333333333333
fut-vs-the-mongolz-m2-mirage.dem,17,100.0,5390.0,4060.0,5970.0,0,0,0,0,0,0,0,0,4,0,5,1,T,1,1,A,A,2,1,1,2-1-1,0,1,1,1,0,0,0,0.0,0.0,0.0,0.0,0.16666666666666666,0.3333333333333333
fut-vs-the-mongolz-m2-mirage.dem,18,850.0,1450.0,4400.0,5790.0,0,0,0,0,0,0,0,0,0,1,6,1,CT,0,0,,no_plant,2,2,1,2-1-2,1,0,1,1,0,0,0,1.0,0.0,0.0,0.0,0.3333333333333333,0.6666666666666666
fut-vs-the-mongolz-m2-mirage.dem,19,450.0,760.0,3700.0,5800.0,0,0,0,0,0,0,0,0,1,0,7,1,CT,0,0,,no_plant,2,2,1,2-1-2,1,0,1,0,0,1,0,0.0,0.0,0.0,0.16666666666666666,0.5,0.0
fut-vs-the-mongolz-m2-mirage.dem,20,1710.0,2820.0,1740.0,6030.0,0,0,0,0,0,0,0,0,2,0,8,1,T,1,1,B,B,1,1,3,1-3-1,1,1,0,0,0,1,0,0.0,0.0,0.0,0.3333333333333333,0.6666666666666666,0.0
fut-vs-the-mongolz-m2-mirage.dem,21,1620.0,70.0,5570.0,4680.0,0,0,0,0,0,0,0,0,0,1,9,1,CT,0,0,,no_plant,1,2,2,1-2-2,1,1,1,0,1,0,0,1.0,0.0,0.0,0.5,0.0,0.3333333333333333
fut-vs-the-mongolz-m2-mirage.dem,22,160.0,860.0,4120.0,5870.0,0,0,0,0,0,0,0,0,1,0,10,1,CT,0,0,,no_plant,1,1,2,1-2-1,1,1,1,0,0,1,0,0.0,0.0,0.0,0.6666666666666666,0.16666666666666666,0.0
fut-vs-the-mongolz-m2-mirage.dem,23,320.0,900.0,2940.0,6390.0,0,0,0,0,0,0,0,0,2,0,11,1,T,1,1,A,A,1,0,4,1-4-0,1,0,0,0,0,1,0,0.0,0.0,0.0,0.8333333333333334,0.3333333333333333,0.0
fut-vs-the-mongolz-m2-mirage.dem,24,4790.0,4200.0,5410.0,5990.0,0,0,0,0,0,0,0,0,0,1,0,1,CT,0,0,,no_plant,2,1,1,2-1-1,0,1,1,0,0,0,1,0.5,0.0,0.0,1.0,1.0,0.0
fut-vs-the-mongolz-m2-mirage.dem,26,80.0,3200.0,5330.0,6430.0,0,0,0,0,0,0,0,0,2,0,2,1,T,1,1,B,B,1,1,2,1-2-1,1,0,1,0,0,1,0,0.0,0.0,0.0,1.0,1.0,0.0
fut-vs-the-mongolz-m2-mirage.dem,27,5080.0,4420.0,5060.0,5780.0,0,0,0,0,0,0,0,0,0,1,3,1,CT,0,1,A,A,2,1,1,2-1-1,0,0,1,0,1,0,0,1.0,0.0,0.0,1.0,0.0,0.3333333333333333
fut-vs-the-mongolz-m2-mirage.dem,28,2900.0,5280.0,5060.0,6010.0,0,0,0,0,0,0,0,0,1,0,4,1,T,1,1,A,A,1,0,3,1-3-0,1,1,1,1,0,0,0,0.0,0.0,0.0,0.0,0.16666666666666666,0.3333333333333333
inner-circle-academy-vs-rottweilers-m2-mirage.dem,0,0.0,0.0,650.0,650.0,0,0,0,0,0,0,0,0,0,0,0,0,CT,0,1,A,A,5,0,0,5-0-0,0,0,0,0,0,0,1,0.5,0.0,0.0,1.0,1.0,0.0
inner-circle-academy-vs-rottweilers-m2-mirage.dem,1,16000.0,16000.0,200.0,1920.0,0,1,0,2,0,0,0,0,1,0,1,0,CT,0,1,A,A,1,1,3,1-3-1,0,0,0,1,0,0,0,0.0,0.0,0.0,0.0,1.0,0.3333333333333333
inner-circle-academy-vs-rottweilers-m2-mirage.dem,2,100.0,120.0,860.0,840.0,0,0,0,0,0,0,3,2,2,0,2,0,CT,0,1,A,A,0,1,2,0-2-1,1,0,0,1,0,0,0,0.0,0.0,0.5,0.0,1.0,0.6666666666666666
inner-circle-academy-vs-rottweilers-m2-mirage.dem,3,120.0,490.0,2890.0,4070.0,0,1,0,2,0,0,3,3,3,0,3,0,CT,0,0,,no_plant,2,2,1,2-1-2,1,1,0,1,0,0,0,0.0,0.0,0.0,0.0,1.0,1.0
inner-circle-academy-vs-rottweilers-m2-mirage.dem,4,1820.0,1920.0,800.0,5480.0,0,0,0,0,0,0,0,10,4,0,4,0,CT,0,0,,no_plant,2,2,1,2-1-2,0,1,0,0,0,1,0,0.0,0.0,0.5,0.16666666666666666,1.0,0.0
inner-circle-academy-vs-rottweilers-m2-mirage.dem,7,370.0,5510.0,4760.0,6010.0,0,0,0,0,0,0,0,0,5,0,7,0,CT,0,1,A,A,2,1,2,2-2-1,1,1,1,1,0,0,0,0.0,0.0,0.0,0.0,1.0,0.6666666666666666
inner-circle-academy-vs-rottweilers-m2-mirage.dem,9,430.0,7510.0,3380.0,6160.0,0,0,0,0,0,0,0,0,5,0,9,0,CT,0,1,A,A,2,1,1,2-1-1,1,0,1,1,0,0,0,0.0,0.0,0.0,0.0,1.0,1.0
inner-circle-academy-vs-rottweilers-m2-mirage.dem,10,80.0,7490.0,4790.0,6190.0,0,0,0,0,0,0,0,0,5,0,10,0,CT,0,1,A,A,2,1,1,2-1-1,1,0,1,1,0,0,0,0.0,0.0,0.0,0.0,1.0,1.0
inner-circle-academy-vs-rottweilers-m2-mirage.dem,14,120.0,120.0,840.0,800.0,0,0,0,0,0,0,0,0,2,0,2,1,T,1,1,A,A,4,1,0,4-0-1,0,0,0,1,0,0,0,0.0,0.0,0.0,0.0,0.16666666666666666,0.3333333333333333
lag-vs-mouse-m2-mirage.dem,0,16000.0,0.0,200.0,0.0,0,0,0,0,0,0,0,0,0,0,0,0,CT,0,1,A,A,0,0,0,0-0-0,0,0,0,0,0,0,1,0.5,0.0,0.0,1.0,1.0,0.0
lag-vs-mouse-m2-mirage.dem,1,120.0,110.0,840.0,890.0,0,0,0,0,0,0,1,3,1,0,1,0,CT,0,1,A,A,1,2,2,1-2-2,0,0,1,1,0,0,0,0.0,0.0,0.0,0.0,1.0,0.3333333333333333
lag-vs-mouse-m2-mirage.dem,2,140.0,1970.0,3960.0,340.0,0,0,0,0,1,0,10,0,2,0,2,0,CT,0,1,A,A,1,0,2,1-2-0,0,0,0,1,0,0,0,0.0,0.0,0.0,0.0,1.0,0.6666666666666666
lag-vs-mouse-m2-mirage.dem,3,630.0,1360.0,1850.0,5520.0,0,0,0,0,0,0,7,9,3,0,3,0,CT,0,1,A,A,2,2,1,2-1-2,1,0,1,1,0,0,0,0.0,0.0,0.0,0.0,1.0,1.0
lag-vs-mouse-m2-mirage.dem,4,2160.0,3450.0,650.0,5860.0,0,0,0,0,0,0,0,13,4,0,4,0,CT,0,1,B,B,2,1,2,2-2-1,1,0,0,1,0,0,0,0.0,0.0,0.0,0.0,1.0,1.0
lag-vs-mouse-m2-mirage.dem,5,200.0,4360.0,4680.0,6130.0,0,0,1,0,0,0,12,13,5,0,5,0,CT,0,1,B,B,1,0,4,1-4-0,1,0,0,0,1,0,0,0.0,0.0,0.0,0.16666666666666666,0.0,0.3333333333333333
lag-vs-mouse-m2-mirage.dem,6,1970.0,3560.0,2070.0,5970.0,0,0,0,0,0,0,6,13,5,0,6,0,CT,0,0,,no_plant,2,1,2,2-2-1,1,0,1,0,1,0,0,0.0,0.0,0.0,0.3333333333333333,0.0,0.6666666666666666
lag-vs-mouse-m2-mirage.dem,7,360.0,2700.0,5330.0,6090.0,0,0,0,1,0,0,14,15,5,0,7,0,CT,0,1,A,A,3,0,1,3-1-0,1,0,1,0,0,1,0,0.0,0.0,0.0,0.5,0.16666666666666666,0.0
lag-vs-mouse-m2-mirage.dem,10,2140.0,1010.0,4860.0,5660.0,0,0,1,0,0,0,12,10,0,1,10,0,T,1,1,A,A,1,1,3,1-3-1,1,0,0,1,0,0,0,1.0,0.0,0.0,0.0,0.6666666666666666,1.0
lag-vs-mouse-m2-mirage.dem,12,2510.0,440.0,5490.0,5930.0,0,0,0,0,0,0,12,2,0,0,0,1,CT,0,1,A,A,2,1,2,2-2-1,1,1,1,0,0,0,1,0.5,0.0,0.0,1.0,1.0,0.0
lag-vs-mouse-m2-mirage.dem,14,2000.0,80.0,300.0,4330.0,0,0,0,0,0,0,0,7,0,1,2,1,T,1,1,B,B,2,2,1,2-1-2,1,0,0,0,1,0,0,1.0,0.0,0.0,0.16666666666666666,0.0,0.3333333333333333
lag-vs-mouse-m2-mirage.dem,15,1000.0,70.0,5000.0,2960.0,0,0,1,0,0,0,17,5,0,2,3,1,T,1,1,B,B,2,1,2,2-2-1,0,0,0,0,1,0,0,1.0,0.0,0.0,0.3333333333333333,0.0,0.6666666666666666
laguna-vs-aab-m2-mirage.dem,2,50.0,2290.0,4520.0,5060.0,0,0,0,0,0,0,6,9,2,0,2,0,T,1,1,A,A,1,1,2,1-2-1,1,0,0,0,0,1,0,0.0,0.0,0.0,1.0,1.0,0.0
laguna-vs-aab-m2-mirage.dem,5,2850.0,40.0,5570.0,4700.0,0,0,0,0,0,0,19,9,0,3,5,0,T,1,1,A,A,1,2,2,1-2-2,1,0,0,1,0,0,0,1.0,0.0,0.0,0.0,1.0,1.0
laguna-vs-aab-m2-mirage.dem,8,2050.0,1240.0,790.0,5760.0,0,0,0,0,0,0,0,13,2,0,8,0,CT,0,0,,no_plant,2,1,2,2-2-1,1,1,0,0,0,1,0,0.0,0.0,0.0,0.3333333333333333,1.0,0.0
laguna-vs-aab-m2-mirage.dem,9,70.0,3500.0,4020.0,5920.0,0,0,0,0,0,0,7,12,3,0,9,0,T,1,1,B,B,1,1,1,1-1-1,1,1,1,0,0,1,0,0.0,0.0,0.0,0.5,1.0,0.0
laguna-vs-aab-m2-mirage.dem,10,2090.0,1690.0,5180.0,5920.0,0,0,0,0,0,0,14,12,0,1,10,0,CT,0,0,,no_plant,2,1,2,2-2-1,1,0,1,0,1,0,0,1.0,0.0,0.0,0.6666666666666666,0.0,0.3333333333333333
laguna-vs-aab-m2-mirage.dem,11,110.0,1220.0,4120.0,6540.0,0,0,0,0,0,0,8,15,1,0,11,0,CT,0,0,,no_plant,1,2,1,1-1-2,0,0,0,0,0,1,0,0.0,0.0,0.0,0.8333333333333334,0.16666666666666666,0.0
laguna-vs-aab-m2-mirage.dem,12,150.0,140.0,850.0,860.0,0,0,0,0,0,0,0,0,0,0,0,1,CT,0,1,A,A,1,1,3,1-3-1,0,0,0,0,0,0,1,0.5,0.0,0.0,1.0,1.0,0.0
laguna-vs-aab-m2-mirage.dem,13,270.0,50.0,2880.0,4590.0,0,0,0,0,0,0,2,2,1,0,1,1,CT,0,0,,no_plant,1,1,3,1-3-1,1,0,0,1,0,0,0,0.0,0.0,0.0,0.0,1.0,0.3333333333333333
laguna-vs-aab-m2-mirage.dem,14,2010.0,480.0,840.0,5720.0,0,0,0,0,0,0,0,13,2,0,2,1,CT,0,0,,no_plant,2,1,2,2-2-1,1,1,0,0,0,1,0,0.0,0.0,0.0,0.16666666666666666,1.0,0.0
laguna-vs-aab-m2-mirage.dem,15,130.0,2750.0,5040.0,6240.0,0,0,0,0,0,0,15,13,3,0,3,1,T,1,1,B,B,3,0,0,3-0-0,1,0,0,0,0,1,0,0.0,0.0,0.0,0.3333333333333333,1.0,0.0
laguna-vs-aab-m2-mirage.dem,16,500.0,130.0,5290.0,4550.0,0,0,0,0,0,0,11,8,0,1,4,1,T,1,0,,no_plant,1,2,1,1-1-2,1,0,1,0,1,0,0,1.0,0.0,0.0,0.5,0.0,0.3333333333333333
laguna-vs-aab-m2-mirage.dem,19,100.0,1200.0,4500.0,5560.0,0,0,0,0,0,0,2,1,1,0,7,1,T,1,0,,no_plant,1,0,3,1-3-0,1,1,1,0,0,1,0,0.0,0.0,0.0,0.16666666666666666,0.5,0.0
laguna-vs-aab-m2-mirage.dem,20,2730.0,50.0,5100.0,3170.0,0,0,0,0,0,0,12,9,0,1,8,1,T,1,1,A,A,2,1,2,2-2-1,1,0,1,0,0,1,0,1.0,0.0,0.0,0.3333333333333333,0.6666666666666666,0.0
lavked-vs-megoshort-m2-mirage.dem,0,130.0,150.0,870.0,850.0,0,0,0,0,0,0,0,0,0,0,0,0,CT,0,1,B,B,4,1,0,4-0-1,0,1,1,0,0,0,1,0.5,0.0,0.0,1.0,1.0,0.0
lavked-vs-megoshort-m2-mirage.dem,3,3090.0,2660.0,5400.0,540.0,0,0,0,0,0,0,0,0,0,1,3,0,CT,0,0,,no_plant,2,1,2,2-2-1,0,0,0,1,0,0,0,1.0,0.0,0.0,0.0,0.3333333333333333,0.6666666666666666
lavked-vs-megoshort-m2-mirage.dem,5,3310.0,2060.0,5450.0,2140.0,0,0,0,0,0,0,0,0,2,0,5,0,CT,0,0,,no_plant,2,0,2,2-2-0,0,0,1,0,0,1,0,0.0,0.0,0.0,0.3333333333333333,0.6666666666666666,0.0
lavked-vs-megoshort-m2-mirage.dem,6,5200.0,80.0,5470.0,4940.0,0,0,0,0,0,0,0,0,3,0,6,0,CT,0,0,,no_plant,2,1,2,2-2-1,1,0,1,0,0,1,0,0.0,0.0,0.0,0.5,0.8333333333333334,0.0
lavked-vs-megoshort-m2-mirage.dem,7,5560.0,2430.0,5470.0,2210.0,0,0,0,0,0,0,0,0,4,0,7,0,CT,0,0,,no_plant,1,0,4,1-4-0,1,0,0,0,0,1,0,0.0,0.0,0.0,0.6666666666666666,1.0,0.0
lavked-vs-megoshort-m2-mirage.dem,8,8570.0,320.0,5490.0,5610.0,0,0,0,0,0,0,0,0,5,0,8,0,CT,0,0,,no_plant,1,1,3,1-3-1,1,0,0,0,0,1,0,0.0,0.0,0.0,0.8333333333333334,1.0,0.0
lavked-vs-megoshort-m2-mirage.dem,9,10580.0,100.0,5550.0,3990.0,0,0,0,0,0,0,0,0,5,0,9,0,CT,0,0,,no_plant,2,2,1,2-1-2,0,1,1,0,0,1,0,0.0,0.0,0.0,1.0,1.0,0.0
lavked-vs-megoshort-m2-mirage.dem,10,7310.0,630.0,5510.0,5070.0,0,0,0,1,0,0,0,0,5,0,10,0,CT,0,0,,no_plant,2,1,2,2-2-1,1,0,1,0,0,1,0,0.0,0.0,0.0,1.0,1.0,0.0
lavked-vs-megoshort-m2-mirage.dem,11,6720.0,80.0,5530.0,4010.0,0,1,0,1,0,1,0,0,5,0,11,0,CT,0,0,,no_plant,1,1,2,1-2-1,0,0,1,0,0,1,0,0.0,0.0,0.0,1.0,1.0,0.0
lavked-vs-megoshort-m2-mirage.dem,13,190.0,1950.0,3800.0,500.0,0,0,1,0,0,0,0,0,1,0,1,1,CT,0,0,,no_plant,1,1,2,1-2-1,0,0,0,0,0,1,0,0.0,0.0,0.0,1.0,1.0,0.0
lavked-vs-megoshort-m2-mirage.dem,14,1680.0,60.0,4590.0,4810.0,0,0,0,0,0,0,0,0,2,0,2,1,CT,0,0,,no_plant,1,2,2,1-2-2,1,0,0,0,0,1,0,0.0,0.0,0.0,1.0,1.0,0.0
lavked-vs-megoshort-m2-mirage.dem,15,70.0,440.0,3370.0,5210.0,0,0,0,0,0,0,0,0,3,0,3,1,CT,0,0,,no_plant,2,1,2,2-2-1,1,1,0,0,0,1,0,0.0,0.0,0.0,1.0,1.0,0.0
lavked-vs-megoshort-m2-mirage.dem,16,1280.0,2320.0,4980.0,360.0,0,0,1,0,0,0,0,0,4,0,4,1,CT,0,0,,no_plant,3,0,2,3-2-0,0,0,1,0,0,1,0,0.0,0.0,0.0,1.0,1.0,0.0
lavked-vs-megoshort-m2-mirage.dem,17,110.0,2350.0,2830.0,5890.0,0,0,0,0,0,0,0,0,5,0,5,1,CT,0,0,,no_plant,2,0,3,2-3-0,1,1,1,0,0,1,0,0.0,0.0,0.0,1.0,1.0,0.0
legacy-vs-mibr-m2-mirage.dem,1,2160.0,60.0,200.0,4160.0,0,0,0,0,0,0,0,0,1,0,1,0,CT,0,0,,no_plant,2,2,1,2-1-2,1,0,0,0,0,1,0,0.0,0.0,0.0,1.0,1.0,0.0
legacy-vs-mibr-m2-mirage.dem,2,160.0,2050.0,4600.0,5260.0,0,0,0,0,0,0,0,0,2,0,2,0,CT,0,1,A,A,1,0,4,1-4-0,1,0,0,0,0,1,0,0.0,0.0,0.0,1.0,1.0,0.0
legacy-vs-mibr-m2-mirage.dem,4,3380.0,340.0,5550.0,5080.0,0,0,0,0,0,0,0,0,0,1,4,0,T,1,1,B,B,1,1,3,1-3-1,1,0,1,1,0,0,0,1.0,0.0,0.0,0.0,1.0,0.6666666666666666
legacy-vs-mibr-m2-mirage.dem,5,1830.0,230.0,5450.0,2650.0,0,0,0,0,0,0,0,0,0,2,5,0,T,1,1,A,A,3,1,1,3-1-1,1,0,1,0,1,0,0,1.0,0.0,0.0,0.16666666666666666,0.0,0.3333333333333333
legacy-vs-mibr-m2-mirage.dem,6,3850.0,2280.0,5470.0,1070.0,0,0,0,0,0,0,0,0,0,3,6,0,CT,0,0,,no_plant,2,1,2,2-2-1,1,0,1,1,0,0,0,1.0,0.0,0.0,0.0,0.16666666666666666,0.3333333333333333
legacy-vs-mibr-m2-mirage.dem,7,570.0,1880.0,4900.0,6090.0,0,0,1,0,0,0,0,0,1,0,7,0,CT,0,0,,no_plant,2,2,1,2-1-2,1,1,1,0,0,1,0,0.0,0.0,0.0,0.16666666666666666,0.3333333333333333,0.0
legacy-vs-mibr-m2-mirage.dem,8,2090.0,3390.0,1460.0,6150.0,0,0,0,0,0,0,0,0,2,0,8,0,T,1,1,B,B,2,2,1,2-1-2,1,0,0,0,0,1,0,0.0,0.0,0.0,0.3333333333333333,0.5,0.0
legacy-vs-mibr-m2-mirage.dem,9,1790.0,380.0,5390.0,4940.0,0,0,0,0,0,0,0,0,0,1,9,0,T,1,1,A,A,2,1,2,2-2-1,1,0,0,0,1,0,0,1.0,0.0,0.0,0.5,0.0,0.3333333333333333
legacy-vs-mibr-m2-mirage.dem,10,2110.0,2410.0,5430.0,1650.0,0,0,0,0,0,0,0,0,0,2,10,0,T,1,1,A,A,1,1,3,1-3-1,1,0,0,1,0,0,0,1.0,0.0,0.0,0.0,0.16666666666666666,0.3333333333333333
legacy-vs-mibr-m2-mirage.dem,11,3770.0,100.0,5590.0,5120.0,0,0,0,0,0,0,0,0,0,3,11,0,CT,0,0,,no_plant,2,1,2,2-2-1,1,0,0,1,0,0,0,1.0,0.0,0.0,0.0,0.3333333333333333,0.6666666666666666
legacy-vs-mibr-m2-mirage.dem,12,130.0,140.0,830.0,860.0,0,0,0,0,0,0,0,0,0,0,0,1,CT,0,0,,no_plant,1,0,4,1-4-0,0,1,0,0,0,0,1,0.5,0.0,0.0,1.0,1.0,0.0
legacy-vs-mibr-m2-mirage.dem,14,70.0,3280.0,4680.0,4820.0,0,0,0,0,0,0,0,0,2,0,2,1,CT,0,0,,no_plant,1,2,2,1-2-2,1,0,1,0,0,1,0,0.0,0.0,0.0,1.0,1.0,0.0
legacy-vs-mibr-m2-mirage.dem,15,1410.0,5490.0,1900.0,5420.0,0,0,0,0,0,0,0,0,3,0,3,1,CT,0,1,B,B,2,1,1,2-1-1,0,1,1,0,0,1,0,0.0,0.0,0.0,1.0,1.0,0.0
legacy-vs-mibr-m2-mirage.dem,17,740.0,930.0,4700.0,5740.0,0,0,0,0,0,0,0,0,0,1,5,1,CT,0,0,,no_plant,2,1,2,2-2-1,1,1,1,1,0,0,0,1.0,0.0,0.0,0.0,0.16666666666666666,0.3333333333333333
legacy-vs-mibr-m2-mirage.dem,18,40.0,3320.0,3800.0,6010.0,0,0,0,0,0,0,0,0,1,0,6,1,CT,0,0,,no_plant,2,1,1,2-1-1,1,1,0,0,0,1,0,0.0,0.0,0.0,0.16666666666666666,0.3333333333333333,0.0
magic-vs-big-m1-mirage.dem,0,110.0,150.0,850.0,850.0,0,0,0,0,0,0,0,0,0,0,0,0,T,1,1,A,A,0,2,1,0-1-2,0,0,0,0,0,0,1,0.5,0.0,0.0,1.0,1.0,0.0
magic-vs-big-m1-mirage.dem,1,170.0,150.0,3850.0,2240.0,0,0,0,0,0,0,0,0,0,1,1,0,T,1,1,A,A,2,2,1,2-1-2,0,0,0,1,0,0,0,1.0,0.0,0.0,0.0,1.0,0.3333333333333333
magic-vs-big-m1-mirage.dem,2,970.0,130.0,3780.0,3570.0,0,0,0,0,0,0,0,0,0,2,2,0,T,1,1,A,A,2,1,2,2-2-1,1,0,0,1,0,0,0,1.0,0.0,0.0,0.0,1.0,0.6666666666666666
magic-vs-big-m1-mirage.dem,3,800.0,40.0,4430.0,3630.0,0,0,0,0,0,0,0,0,0,3,3,0,T,1,0,,no_plant,0,0,0,0-0-0,1,0,1,1,0,0,0,1.0,0.0,0.0,0.0,1.0,1.0
magic-vs-big-m1-mirage.dem,4,750.0,30.0,4680.0,4000.0,0,0,0,0,0,0,0,0,0,4,4,0,CT,0,0,,no_plant,1,2,2,1-2-2,1,0,0,0,0,1,0,1.0,0.0,0.0,0.16666666666666666,1.0,0.0
magic-vs-big-m1-mirage.dem,5,170.0,490.0,2240.0,5030.0,0,0,1,0,0,0,0,0,1,0,5,0,CT,0,0,,no_plant,2,1,2,2-2-1,1,0,0,0,0,1,0,0.0,0.0,0.0,0.3333333333333333,1.0,0.0
magic-vs-big-m1-mirage.dem,7,310.0,6010.0,4220.0,5680.0,0,0,0,0,0,0,0,0,3,0,7,0,T,1,1,B,B,1,1,3,1-3-1,1,0,0,0,0,1,0,0.0,0.0,0.0,0.6666666666666666,1.0,0.0
magic-vs-big-m1-mirage.dem,8,840.0,2470.0,4740.0,5970.0,0,0,0,0,0,0,0,0,0,1,8,0,CT,0,0,,no_plant,2,1,1,2-1-1,1,0,0,0,1,0,0,1.0,0.0,0.0,0.8333333333333334,0.0,0.3333333333333333
magic-vs-big-m1-mirage.dem,9,2020.0,3570.0,900.0,5970.0,0,0,0,1,0,0,0,0,1,0,9,0,CT,0,0,,no_plant,2,2,1,2-1-2,1,0,0,0,0,1,0,0.0,0.0,0.0,1.0,0.16666666666666666,0.0
magic-vs-big-m1-mirage.dem,10,80.0,5610.0,4640.0,6110.0,0,0,0,0,0,0,0,0,2,0,10,0,CT,0,0,,no_plant,1,1,2,1-2-1,1,0,0,0,0,1,0,0.0,0.0,0.0,1.0,0.3333333333333333,0.0
magic-vs-big-m1-mirage.dem,11,90.0,7200.0,2990.0,6350.0,0,0,0,0,0,0,0,0,3,0,11,0,CT,0,0,,no_plant,3,2,0,3-0-2,1,0,0,0,0,1,0,0.0,0.0,0.0,1.0,0.5,0.0
magic-vs-big-m1-mirage.dem,12,130.0,140.0,870.0,860.0,0,0,0,0,0,0,0,0,0,0,0,1,T,1,1,B,B,3,1,1,3-1-1,0,0,1,0,0,0,1,0.5,0.0,0.0,1.0,1.0,0.0
magic-vs-big-m1-mirage.dem,14,1210.0,2190.0,4170.0,1720.0,0,0,0,0,0,0,0,0,0,2,2,1,T,1,1,B,B,1,2,1,1-1-2,1,0,0,1,0,0,0,1.0,0.0,0.0,0.0,0.16666666666666666,0.3333333333333333
match730_003794176770018640239_0925593060_410.dem,0,280.0,480.0,720.0,520.0,0,0,0,0,0,0,0,0,0,0,0,0,T,1,1,A,A,2,0,1,2-1-0,0,0,0,0,0,0,1,0.5,0.0,0.0,1.0,1.0,0.0
match730_003794176770018640239_0925593060_410.dem,1,760.0,1690.0,3460.0,810.0,0,0,0,0,0,1,5,1,0,1,1,0,T,1,1,A,A,2,0,2,2-2-0,1,0,0,1,0,0,0,1.0,0.0,0.0,0.0,1.0,0.3333333333333333
match730_003794176770018640239_0925593060_410.dem,3,2900.0,1320.0,4720.0,2460.0,1,0,2,0,0,0,11,1,0,3,3,0,CT,0,0,,no_plant,1,0,2,1-2-0,1,0,0,0,0,1,0,1.0,0.0,0.0,0.16666666666666666,1.0,0.0
match730_003794176770018640239_0925593060_410.dem,4,1610.0,1990.0,2870.0,5220.0,0,0,0,1,0,0,8,14,1,0,4,0,T,1,1,B,B,2,0,2,2-2-0,1,0,1,0,0,1,0,0.0,0.5,0.0,0.3333333333333333,1.0,0.0
match730_003794176770018640239_0925593060_410.dem,5,2150.0,500.0,4310.0,4490.0,2,0,3,0,0,0,7,7,0,1,5,0,CT,0,0,,no_plant,2,0,2,2-2-0,1,0,0,0,1,0,0,1.0,0.0,0.0,0.5,0.0,0.3333333333333333
match730_003794176770018640239_0925593060_410.dem,6,1890.0,2600.0,1260.0,5410.0,0,0,0,1,0,0,0,10,1,0,6,0,CT,0,0,,no_plant,2,0,3,2-3-0,1,0,0,0,0,1,0,0.0,1.0,0.0,0.6666666666666666,0.16666666666666666,0.0
match730_003794176770018640239_0925593060_410.dem,8,1410.0,5260.0,3270.0,5930.0,0,0,0,0,0,0,3,10,3,0,8,0,CT,0,0,,no_plant,3,0,1,3-1-0,1,0,1,0,0,1,0,0.0,0.0,0.0,1.0,0.5,0.0
match730_003794176770018640239_0925593060_410.dem,9,1600.0,5680.0,2870.0,4640.0,0,0,0,1,0,0,4,10,4,0,9,0,CT,0,0,,no_plant,2,0,3,2-3-0,1,0,1,0,0,1,0,0.0,0.0,0.0,1.0,0.6666666666666666,0.0
match730_003794176770018640239_0925593060_410.dem,11,520.0,2010.0,4400.0,5330.0,0,0,1,0,0,0,2,9,0,1,11,0,T,1,1,A,A,3,0,1,3-1-0,1,1,0,0,1,0,0,1.0,0.0,0.0,1.0,0.0,0.3333333333333333
match730_003794176770018640239_0925593060_410.dem,12,410.0,360.0,590.0,640.0,0,0,0,0,0,0,1,0,0,0,0,1,T,1,1,B,B,1,1,1,1-1-1,0,0,0,0,0,0,1,0.5,0.0,0.0,1.0,1.0,0.0
match730_003794176770018640239_0925593060_410.dem,14,1450.0,500.0,4740.0,4190.0,0,0,0,0,0,0,7,3,0,2,2,1,T,1,0,,no_plant,1,2,0,1-0-2,1,0,1,1,0,0,0,1.0,0.0,0.0,0.0,0.16666666666666666,0.3333333333333333
match730_003794176770018640239_0925593060_410.dem,15,870.0,1240.0,5210.0,2760.0,0,0,1,0,0,0,9,2,0,3,3,1,T,1,1,A,A,2,1,2,2-2-1,0,0,1,0,0,1,0,1.0,0.0,0.0,0.16666666666666666,0.3333333333333333,0.0
match730_003794176770018640239_0925593060_410.dem,16,1280.0,830.0,3550.0,4620.0,0,2,1,3,0,0,5,5,0,4,4,1,CT,0,0,,no_plant,2,0,3,2-3-0,1,0,0,1,0,0,0,1.0,0.0,0.0,0.0,0.5,0.3333333333333333
match730_003794176770018640239_0925593060_410.dem,18,1620.0,2090.0,2950.0,4920.0,0,0,1,0,0,0,6,8,2,0,6,1,CT,0,0,,no_plant,3,1,1,3-1-1,1,0,0,0,0,1,0,0.0,0.0,0.0,0.3333333333333333,0.8333333333333334,0.0
match730_003794176770018640239_0925593060_410.dem,19,400.0,4320.0,2680.0,4870.0,0,1,0,2,0,0,2,7,3,0,7,1,CT,0,1,A,A,2,0,1,2-1-0,1,0,0,0,0,1,0,0.0,0.0,0.0,0.5,1.0,0.0
match730_003796815559270596923_0618483237_129.dem,0,140.0,250.0,860.0,710.0,0,0,0,0,0,0,0,0,0,0,0,0,CT,0,0,,no_plant,1,2,0,1-0-2,1,0,0,0,0,0,1,0.5,0.0,0.0,1.0,1.0,0.0
match730_003796815559270596923_0618483237_129.dem,1,960.0,780.0,1180.0,3640.0,0,1,0,1,0,1,0,6,1,0,1,0,CT,0,0,,no_plant,2,0,3,2-3-0,1,0,1,0,0,1,0,0.0,0.0,0.0,1.0,1.0,0.0
match730_003796815559270596923_0618483237_129.dem,2,290.0,1940.0,3310.0,5050.0,0,0,0,0,0,0,0,10,2,0,2,0,T,1,1,B,B,1,0,2,1-2-0,1,0,1,0,0,1,0,0.0,0.0,0.5,1.0,1.0,0.0
match730_003796815559270596923_0618483237_129.dem,3,1270.0,1940.0,3530.0,1440.0,0,0,0,0,0,0,5,0,0,1,3,0,T,1,1,A,A,2,0,2,2-2-0,1,0,0,0,1,0,0,1.0,0.0,0.0,1.0,0.0,0.3333333333333333
match730_003796815559270596923_0618483237_129.dem,4,1360.0,520.0,4560.0,3960.0,0,0,0,0,0,1,10,6,0,2,4,0,T,1,1,A,A,3,0,2,3-2-0,1,0,0,1,0,0,0,1.0,0.0,0.0,0.0,0.16666666666666666,0.3333333333333333
match730_003796815559270596923_0618483237_129.dem,6,3760.0,2510.0,5080.0,2180.0,0,0,0,0,0,0,14,5,0,4,6,0,T,1,1,B,B,2,0,1,2-1-0,1,0,1,0,1,0,0,1.0,0.0,0.0,0.16666666666666666,0.0,0.3333333333333333
match730_003796815559270596923_0618483237_129.dem,7,6940.0,1560.0,5040.0,2090.0,0,0,0,0,0,0,15,1,0,5,7,0,T,1,1,B,B,0,2,2,0-2-2,0,0,0,0,1,0,0,1.0,0.0,0.0,0.3333333333333333,0.0,0.6666666666666666
match730_003796815559270596923_0618483237_129.dem,8,10210.0,1350.0,5360.0,3850.0,0,0,0,0,0,0,16,5,0,5,8,0,T,1,0,,no_plant,2,2,1,2-1-2,1,1,0,0,1,0,0,1.0,0.0,0.0,0.5,0.0,1.0
match730_003796815559270596923_0618483237_129.dem,9,11460.0,1630.0,5710.0,2370.0,0,0,0,0,0,0,13,4,0,5,9,0,T,1,1,A,A,1,0,1,1-1-0,0,0,0,0,0,1,0,1.0,0.0,0.0,0.6666666666666666,0.16666666666666666,0.0
match730_003796815559270596923_0618483237_129.dem,10,11960.0,1640.0,5710.0,2460.0,0,0,0,0,0,0,12,3,0,5,10,0,T,1,1,B,B,2,0,2,2-2-0,1,0,1,1,0,0,0,1.0,0.0,0.0,0.0,0.3333333333333333,0.3333333333333333
match730_003796815559270596923_0618483237_129.dem,11,10670.0,100.0,5820.0,4590.0,0,0,0,0,0,0,9,9,0,5,11,0,CT,0,0,,no_plant,2,1,1,2-1-1,0,0,0,0,1,0,0,1.0,0.0,0.0,0.16666666666666666,0.0,0.3333333333333333
match730_003796815559270596923_0618483237_129.dem,12,250.0,130.0,710.0,870.0,0,0,0,0,0,0,0,1,0,0,0,1,CT,0,0,,no_plant,2,1,1,2-1-1,1,0,0,0,0,0,1,0.5,0.0,0.0,1.0,1.0,0.0
match730_003796815559270596923_0618483237_129.dem,13,920.0,100.0,2020.0,4170.0,0,0,1,0,0,0,2,5,1,0,1,1,CT,0,0,,no_plant,1,2,2,1-2-2,1,0,0,0,0,1,0,0.0,0.0,0.0,1.0,1.0,0.0
match730_003796815559270596923_0618483237_129.dem,14,1700.0,2840.0,1580.0,5380.0,0,0,0,0,0,0,4,14,2,0,2,1,CT,0,0,,no_plant,2,1,2,2-2-1,1,0,0,0,0,1,0,0.0,0.0,0.0,1.0,1.0,0.0
match730_003798405283433152556_2100073522_392.dem,1,810.0,1820.0,3500.0,320.0,0,0,0,0,0,0,3,1,0,1,1,0,T,1,1,B,B,2,2,0,2-0-2,0,0,1,0,1,0,0,1.0,0.0,0.0,1.0,0.0,0.3333333333333333
match730_003798405283433152556_2100073522_392.dem,4,680.0,2940.0,4400.0,5570.0,0,0,0,0,0,0,8,6,2,0,4,0,T,1,1,B,B,2,1,2,2-2-1,0,0,1,1,0,0,0,0.0,0.0,0.0,0.0,0.3333333333333333,0.3333333333333333
match730_003798405283433152556_2100073522_392.dem,5,1290.0,1960.0,5020.0,2750.0,0,0,0,0,0,0,13,1,0,1,5,0,T,1,1,A,A,2,1,2,2-2-1,0,0,0,0,1,0,0,1.0,0.0,0.0,0.16666666666666666,0.0,0.3333333333333333
match730_003798405283433152556_2100073522_392.dem,6,1630.0,230.0,5500.0,4160.0,0,0,0,0,0,0,11,5,0,2,6,0,T,1,0,,no_plant,3,0,2,3-2-0,1,1,0,1,0,0,0,1.0,0.0,0.0,0.0,0.16666666666666666,0.3333333333333333
match730_003798405283433152556_2100073522_392.dem,8,4610.0,570.0,5340.0,4820.0,0,0,0,0,0,0,10,9,0,4,8,0,CT,0,0,,no_plant,2,2,0,2-0-2,1,0,0,1,0,0,0,1.0,0.0,0.0,0.0,0.5,0.3333333333333333
match730_003798405283433152556_2100073522_392.dem,10,1090.0,1690.0,3010.0,4690.0,0,0,0,0,0,0,4,8,2,0,10,0,CT,0,0,,no_plant,3,1,1,3-1-1,1,0,1,0,0,1,0,0.0,0.0,0.0,0.3333333333333333,0.8333333333333334,0.0
match730_003798405283433152556_2100073522_392.dem,11,680.0,1150.0,3250.0,5660.0,0,0,0,1,0,0,3,13,3,0,11,0,CT,0,0,,no_plant,3,1,0,3-0-1,1,0,0,0,0,1,0,0.0,0.0,0.0,0.5,1.0,0.0
match730_003798405283433152556_2100073522_392.dem,12,240.0,120.0,760.0,880.0,0,0,0,0,0,0,1,0,0,0,0,1,CT,0,0,,no_plant,2,1,1,2-1-1,0,0,0,0,0,0,1,0.5,0.0,0.0,1.0,1.0,0.0
match730_003798405283433152556_2100073522_392.dem,14,520.0,2100.0,3990.0,5200.0,1,0,2,0,0,0,5,7,2,0,2,1,T,1,1,B,B,2,0,2,2-2-0,1,1,1,0,0,1,0,0.0,0.0,0.0,1.0,1.0,0.0
match730_003798405283433152556_2100073522_392.dem,15,2250.0,2900.0,4270.0,1040.0,1,0,1,0,1,0,8,0,0,1,3,1,T,1,1,A,A,1,0,2,1-2-0,1,0,0,0,1,0,0,1.0,0.5,0.0,1.0,0.0,0.3333333333333333
match730_003798405283433152556_2100073522_392.dem,16,3260.0,380.0,5110.0,4390.0,1,0,2,0,0,0,8,3,0,2,4,1,CT,0,0,,no_plant,2,0,3,2-3-0,0,0,0,1,0,0,0,1.0,0.5,0.0,0.0,0.16666666666666666,0.3333333333333333
match730_003798405283433152556_2100073522_392.dem,17,2330.0,960.0,3090.0,5270.0,0,0,1,0,0,0,6,5,1,0,5,1,T,1,1,B,B,2,1,2,2-2-1,0,1,0,0,0,1,0,0.0,0.5,0.0,0.16666666666666666,0.3333333333333333,0.0
match730_003798405283433152556_2100073522_392.dem,19,4320.0,400.0,5430.0,4160.0,0,0,0,0,0,0,11,1,0,2,7,1,T,1,1,B,B,2,0,2,2-2-0,1,1,1,0,1,0,0,1.0,0.0,0.0,0.5,0.0,0.6666666666666666
match730_003798405283433152556_2100073522_392.dem,21,1450.0,510.0,4440.0,4700.0,1,0,1,0,1,0,5,6,1,0,9,1,T,1,0,,no_plant,1,1,1,1-1-1,1,0,1,0,0,1,0,0.0,0.0,0.0,0.8333333333333334,0.16666666666666666,0.0
match730_003799700793745998727_0342411113_123.dem,0,220.0,150.0,840.0,850.0,0,0,0,0,0,0,0,0,0,0,0,0,T,1,1,A,A,2,0,3,2-3-0,1,0,0,0,0,0,1,0.5,0.0,0.0,1.0,1.0,0.0
match730_003799700793745998727_0342411113_123.dem,3,970.0,1510.0,4460.0,4420.0,0,0,0,0,0,0,5,10,1,0,3,0,CT,0,1,A,A,2,2,1,2-1-2,1,0,0,0,0,1,0,0.0,0.0,0.0,0.3333333333333333,0.16666666666666666,0.0
match730_003799700793745998727_0342411113_123.dem,4,2110.0,2590.0,1640.0,5050.0,0,0,0,0,0,0,0,15,2,0,4,0,CT,0,0,,no_plant,2,1,2,2-2-1,0,0,1,1,0,0,0,0.0,0.0,0.0,0.0,0.3333333333333333,0.3333333333333333
match730_003799700793745998727_0342411113_123.dem,5,550.0,2710.0,4460.0,5860.0,0,0,0,0,0,0,3,14,3,0,5,0,CT,0,0,,no_plant,2,0,3,2-3-0,0,0,0,0,0,1,0,0.0,0.0,0.0,0.16666666666666666,0.5,0.0
match730_003799700793745998727_0342411113_123.dem,6,2050.0,2900.0,1580.0,5940.0,0,0,0,0,0,0,1,14,4,0,6,0,T,1,1,B,B,1,0,4,1-4-0,0,0,1,0,0,1,0,0.0,0.0,0.0,0.3333333333333333,0.6666666666666666,0.0
match730_003799700793745998727_0342411113_123.dem,7,2770.0,1060.0,5120.0,4920.0,0,0,0,0,0,1,12,10,0,1,7,0,CT,0,1,B,B,2,1,1,2-1-1,0,0,0,0,1,0,0,1.0,0.0,0.0,0.5,0.0,0.3333333333333333
match730_003799700793745998727_0342411113_123.dem,8,1710.0,2100.0,4400.0,5850.0,0,0,0,0,0,0,8,13,1,0,8,0,CT,0,1,A,A,2,2,1,2-1-2,0,1,1,0,1,0,0,0.0,0.0,0.0,0.6666666666666666,0.0,0.6666666666666666
match730_003799700793745998727_0342411113_123.dem,9,1510.0,870.0,4120.0,5820.0,0,0,0,0,0,0,2,9,2,0,9,0,CT,0,1,A,A,1,1,2,1-2-1,1,0,1,1,0,0,0,0.0,0.0,0.0,0.0,0.16666666666666666,0.3333333333333333
match730_003799700793745998727_0342411113_123.dem,10,1670.0,2780.0,4140.0,5780.0,0,0,0,0,0,0,1,9,3,0,10,0,T,1,1,A,A,2,1,2,2-2-1,1,0,0,1,0,0,0,0.0,0.0,0.0,0.0,0.3333333333333333,0.6666666666666666
match730_003799700793745998727_0342411113_123.dem,12,160.0,150.0,800.0,850.0,0,0,0,0,0,0,0,0,0,0,0,1,CT,0,0,,no_plant,2,1,2,2-2-1,0,0,1,0,0,0,1,0.5,0.0,0.0,1.0,1.0,0.0
match730_003799700793745998727_0342411113_123.dem,13,2180.0,890.0,220.0,3390.0,0,0,0,1,0,0,0,1,1,0,1,1,CT,0,0,,no_plant,3,0,1,3-1-0,0,0,0,0,0,1,0,0.0,0.0,0.0,1.0,1.0,0.0
match730_003799700793745998727_0342411113_123.dem,14,140.0,3250.0,4520.0,4290.0,0,0,0,0,0,0,4,5,2,0,2,1,CT,0,1,B,B,3,1,1,3-1-1,1,0,1,0,0,1,0,0.0,0.0,0.0,1.0,1.0,0.0
match730_003799700793745998727_0342411113_123.dem,15,1540.0,4030.0,2500.0,5440.0,0,0,0,1,0,0,0,12,3,0,3,1,CT,0,0,,no_plant,3,1,1,3-1-1,1,1,0,0,1,0,0,0.0,0.0,0.0,1.0,0.0,0.3333333333333333
match730_003799700793745998727_0342411113_123.dem,16,570.0,5540.0,4750.0,5480.0,0,0,0,1,0,0,6,8,4,0,4,1,T,1,1,B,B,3,1,1,3-1-1,1,0,0,0,0,1,0,0.0,0.0,0.0,1.0,0.16666666666666666,0.0
match730_003799700793745998727_0342411113_123.dem,17,1220.0,1800.0,5170.0,5610.0,0,0,0,0,0,0,11,10,0,1,5,1,CT,0,0,,no_plant,2,1,2,2-2-1,1,1,0,0,1,0,0,1.0,0.0,0.0,1.0,0.0,0.3333333333333333
match730_003799700793745998727_0342411113_123.dem,18,1470.0,2130.0,2970.0,5780.0,0,0,0,0,0,0,13,10,1,0,6,1,CT,0,1,A,A,3,1,1,3-1-1,1,0,1,0,0,1,0,0.0,0.0,0.0,1.0,0.16666666666666666,0.0
match730_003799700793745998727_0342411113_123.dem,19,350.0,4410.0,4640.0,5780.0,0,0,0,0,0,0,7,11,2,0,7,1,T,1,1,B,B,3,0,2,3-2-0,0,1,0,1,0,0,0,0.0,0.0,0.0,0.0,0.3333333333333333,0.3333333333333333
match730_003799700793745998727_0342411113_123.dem,20,2440.0,1740.0,3860.0,4660.0,0,0,1,0,0,0,6,7,0,1,8,1,CT,0,0,,no_plant,3,2,0,3-0-2,1,0,1,0,1,0,0,1.0,0.0,0.0,0.16666666666666666,0.0,0.3333333333333333
match730_003799700793745998727_0342411113_123.dem,21,220.0,1800.0,4680.0,5390.0,0,0,1,1,0,0,9,6,1,0,9,1,T,1,1,A,A,3,1,1,3-1-1,1,0,1,0,0,1,0,0.0,0.0,0.0,0.3333333333333333,0.16666666666666666,0.0
match730_003808087804018163856_0439715812_123.dem,2,2590.0,1010.0,4160.0,3640.0,0,0,0,0,0,0,7,1,0,2,2,0,T,1,1,B,B,0,1,3,0-3-1,0,1,1,1,0,0,0,1.0,0.0,0.0,0.0,0.16666666666666666,0.3333333333333333
match730_003808087804018163856_0439715812_123.dem,3,2010.0,2520.0,4990.0,1110.0,0,0,0,0,0,0,8,5,0,3,3,0,T,1,1,B,B,2,0,2,2-2-0,0,0,0,0,1,0,0,1.0,0.0,0.0,0.16666666666666666,0.0,0.3333333333333333
match730_003808087804018163856_0439715812_123.dem,4,4610.0,1610.0,4530.0,3230.0,0,0,0,0,0,0,5,6,0,4,4,0,CT,0,0,,no_plant,2,0,1,2-1-0,0,0,0,0,1,0,0,1.0,0.0,0.0,0.3333333333333333,0.0,0.6666666666666666
match730_003808087804018163856_0439715812_123.dem,7,3360.0,2190.0,5840.0,2720.0,0,0,0,0,0,0,9,1,0,2,7,0,CT,0,0,,no_plant,4,0,1,4-1-0,1,0,0,0,1,0,0,1.0,0.0,0.0,0.16666666666666666,0.0,0.3333333333333333
match730_003808087804018163856_0439715812_123.dem,8,520.0,1560.0,4520.0,6410.0,0,0,1,0,0,0,9,11,1,0,8,0,CT,0,0,,no_plant,2,1,2,2-2-1,0,0,1,0,0,1,0,0.0,0.0,0.0,0.3333333333333333,0.16666666666666666,0.0
match730_003808087804018163856_0439715812_123.dem,9,1770.0,2800.0,850.0,6330.0,0,0,0,1,0,0,0,6,2,0,9,0,T,1,1,A,A,3,0,2,3-2-0,1,0,0,0,0,1,0,0.0,0.0,0.0,0.5,0.3333333333333333,0.0
match730_003808087804018163856_0439715812_123.dem,11,2430.0,450.0,4240.0,4050.0,0,1,0,1,0,1,12,8,0,2,11,0,T,1,1,B,B,2,0,3,2-3-0,0,1,0,1,0,0,0,1.0,0.0,0.0,0.0,0.6666666666666666,0.6666666666666666
match730_003808087804018163856_0439715812_123.dem,12,370.0,120.0,550.0,880.0,0,0,0,0,0,0,0,2,0,0,0,1,T,1,1,A,A,1,2,1,1-1-2,0,0,0,0,0,0,1,0.5,0.0,0.0,1.0,1.0,0.0
match730_003808087804018163856_0439715812_123.dem,13,680.0,1850.0,3480.0,670.0,0,0,0,0,1,0,7,0,0,1,1,1,T,1,1,B,B,2,1,1,2-1-1,0,0,0,1,0,0,0,1.0,0.0,0.0,0.0,1.0,0.3333333333333333
match730_003808087804018163856_0439715812_123.dem,15,1080.0,2730.0,3410.0,5060.0,0,0,0,1,0,0,11,14,1,0,3,1,CT,0,0,,no_plant,2,2,1,2-1-2,0,0,0,0,0,1,0,0.0,0.0,0.0,0.3333333333333333,0.16666666666666666,0.0
match730_003808087804018163856_0439715812_123.dem,16,1230.0,4510.0,1070.0,5540.0,0,0,0,0,0,0,1,8,2,0,4,1,CT,0,0,,no_plant,2,1,2,2-2-1,1,0,0,0,0,1,0,0.0,0.0,0.0,0.5,0.3333333333333333,0.0
match730_003808087804018163856_0439715812_123.dem,18,1340.0,2890.0,4450.0,3340.0,0,0,0,1,0,0,2,5,0,1,6,1,T,1,0,,no_plant,3,1,0,3-0-1,1,0,0,0,1,0,0,1.0,0.0,0.0,0.8333333333333334,0.0,0.3333333333333333
match730_003808087804018163856_0439715812_123.dem,19,2160.0,660.0,3540.0,3910.0,0,0,0,0,1,0,12,5,0,2,7,1,T,1,1,A,A,3,1,1,3-1-1,1,0,1,0,0,1,0,1.0,0.0,0.0,1.0,0.16666666666666666,0.0
match730_003808834374560907290_2022954333_123.dem,0,280.0,150.0,720.0,850.0,0,0,0,0,0,0,0,0,0,0,0,0,T,1,0,,no_plant,3,1,1,3-1-1,0,0,0,0,0,0,1,0.5,0.0,0.0,1.0,1.0,0.0
match730_003808834374560907290_2022954333_123.dem,2,1340.0,2170.0,630.0,5550.0,0,0,0,0,0,0,0,9,1,0,2,0,CT,0,0,,no_plant,3,1,1,3-1-1,1,0,0,0,0,1,0,0.0,0.0,0.0,1.0,1.0,0.0
match730_003808834374560907290_2022954333_123.dem,3,2240.0,4510.0,1080.0,5870.0,0,0,0,0,0,0,0,8,2,0,3,0,CT,0,1,A,A,3,1,1,3-1-1,1,0,1,0,0,1,0,0.0,0.0,0.0,1.0,1.0,0.0
match730_003808834374560907290_2022954333_123.dem,6,1750.0,2910.0,2500.0,5880.0,0,0,0,0,0,0,8,9,1,0,6,0,T,1,1,A,A,3,0,2,3-2-0,1,1,1,0,1,0,0,0.0,0.0,0.0,0.16666666666666666,0.0,0.3333333333333333
match730_003808834374560907290_2022954333_123.dem,8,1100.0,2880.0,2330.0,5170.0,0,0,0,0,0,0,4,10,1,0,8,0,CT,0,0,,no_plant,1,0,2,1-2-0,1,0,1,1,0,0,0,0.0,0.0,0.0,0.0,0.3333333333333333,0.6666666666666666
match730_003808834374560907290_2022954333_123.dem,10,460.0,3780.0,3450.0,5820.0,0,0,0,0,0,0,5,6,3,0,10,0,T,1,0,,no_plant,2,1,1,2-1-1,1,1,0,0,0,1,0,0.0,0.0,0.0,0.3333333333333333,0.6666666666666666,0.0
match730_003808834374560907290_2022954333_123.dem,11,1890.0,510.0,3660.0,5120.0,0,0,0,0,0,1,7,9,0,1,11,0,CT,0,0,,no_plant,3,0,2,3-2-0,1,1,0,0,0,1,0,1.0,0.0,0.0,0.5,0.8333333333333334,0.0
match730_003808834374560907290_2022954333_123.dem,12,150.0,510.0,850.0,620.0,0,0,0,0,0,0,0,0,0,0,0,1,T,1,1,A,A,2,1,0,2-0-1,0,0,0,0,0,0,1,0.5,0.0,0.0,1.0,1.0,0.0
match730_003808834374560907290_2022954333_123.dem,13,750.0,1990.0,3370.0,500.0,0,0,1,0,0,0,0,1,0,1,1,1,T,1,1,A,A,2,0,2,2-2-0,1,0,0,1,0,0,0,1.0,0.0,0.0,0.0,1.0,0.3333333333333333
match730_003808834374560907290_2022954333_123.dem,14,2120.0,180.0,4490.0,4410.0,0,0,1,0,0,0,1,1,0,2,2,1,CT,0,0,,no_plant,3,0,2,3-2-0,1,0,0,1,0,0,0,1.0,0.0,0.0,0.0,1.0,0.6666666666666666
match730_003808834374560907290_2022954333_123.dem,15,1840.0,2540.0,1840.0,4090.0,0,0,0,0,0,0,1,8,1,0,3,1,T,1,1,B,B,2,1,1,2-1-1,1,1,1,0,0,1,0,0.0,0.0,0.0,0.16666666666666666,1.0,0.0
match730_003808834374560907290_2022954333_123.dem,16,3250.0,1120.0,4920.0,2800.0,1,0,2,0,0,0,6,3,0,1,4,1,T,1,1,A,A,1,0,3,1-3-0,1,0,0,0,1,0,0,1.0,0.0,0.0,0.3333333333333333,0.0,0.3333333333333333
match730_003811257485587644814_1923444700_129.dem,0,480.0,150.0,480.0,770.0,0,0,0,0,0,0,0,1,0,0,0,0,T,1,1,A,A,1,1,3,1-3-1,1,0,0,0,0,0,1,0.5,0.0,0.0,1.0,1.0,0.0
match730_003811257485587644814_1923444700_129.dem,1,640.0,1680.0,3480.0,600.0,0,0,0,0,0,0,4,1,0,1,1,0,T,1,1,B,B,2,1,1,2-1-1,0,0,0,1,0,0,0,1.0,0.0,0.0,0.0,1.0,0.3333333333333333
match730_003811257485587644814_1923444700_129.dem,3,3700.0,2160.0,4570.0,2530.0,0,0,1,0,0,0,17,2,0,3,3,0,T,1,1,B,B,1,1,1,1-1-1,0,0,0,0,0,1,0,1.0,0.0,0.0,0.3333333333333333,0.16666666666666666,0.0
match730_003811257485587644814_1923444700_129.dem,4,3130.0,2120.0,5150.0,3580.0,0,0,1,0,0,0,6,1,0,4,4,0,T,1,1,A,A,3,1,1,3-1-1,1,0,0,0,1,0,0,1.0,0.0,0.0,0.5,0.0,0.3333333333333333
match730_003811257485587644814_1923444700_129.dem,5,3420.0,2220.0,5490.0,3770.0,0,0,0,1,0,0,12,2,0,5,5,0,T,1,1,A,A,1,0,1,1-1-0,0,0,1,1,0,0,0,1.0,0.0,0.0,0.0,0.16666666666666666,0.3333333333333333
match730_003811257485587644814_1923444700_129.dem,6,3360.0,650.0,5220.0,4300.0,0,0,0,1,0,0,14,4,0,5,6,0,T,1,1,B,B,2,1,1,2-1-1,1,0,1,1,0,0,0,1.0,0.0,0.0,0.0,0.3333333333333333,0.6666666666666666
match730_003811257485587644814_1923444700_129.dem,7,3500.0,1000.0,5380.0,3540.0,0,0,0,0,0,0,10,0,0,5,7,0,T,1,1,B,B,1,1,3,1-3-1,1,0,0,0,1,0,0,1.0,0.0,0.0,0.16666666666666666,0.0,0.3333333333333333
match730_003811257485587644814_1923444700_129.dem,8,4540.0,1910.0,5470.0,2910.0,0,0,0,0,0,0,11,0,0,5,8,0,T,1,1,A,A,3,1,1,3-1-1,1,0,0,0,1,0,0,1.0,0.0,0.0,0.3333333333333333,0.0,0.6666666666666666
match730_003811257485587644814_1923444700_129.dem,9,6380.0,1340.0,5470.0,3940.0,0,0,0,0,0,0,10,3,0,5,9,0,CT,0,0,,no_plant,2,0,1,2-1-0,1,0,1,1,0,0,0,1.0,0.0,0.0,0.0,0.16666666666666666,0.3333333333333333
match730_003811257485587644814_1923444700_129.dem,10,2990.0,1770.0,5110.0,4250.0,0,0,0,0,0,0,12,7,1,0,10,0,T,1,1,B,B,3,2,0,3-0-2,1,0,1,0,0,1,0,0.0,0.0,0.0,0.16666666666666666,0.3333333333333333,0.0
match730_003811257485587644814_1923444700_129.dem,12,310.0,280.0,690.0,810.0,0,0,0,0,0,0,0,2,0,0,0,1,CT,0,1,A,A,2,0,3,2-3-0,1,0,0,0,0,0,1,0.5,0.0,0.0,1.0,1.0,0.0
match730_003811257485587644814_1923444700_129.dem,13,1480.0,460.0,1640.0,4100.0,0,0,0,1,1,0,3,6,1,0,1,1,CT,0,0,,no_plant,2,1,2,2-2-1,0,0,0,1,0,0,0,0.0,0.0,0.0,0.0,1.0,0.3333333333333333
match730_003811262139184709720_1400025905_410.dem,1,2690.0,1480.0,1600.0,660.0,0,0,1,0,0,0,0,0,0,1,1,0,CT,0,0,,no_plant,1,1,1,1-1-1,0,0,0,0,1,0,0,1.0,0.0,0.0,1.0,0.0,0.3333333333333333
match730_003811262139184709720_1400025905_410.dem,2,1580.0,1840.0,2010.0,4920.0,0,0,0,1,0,0,0,7,1,0,2,0,CT,0,0,,no_plant,2,1,1,2-1-1,0,0,1,0,0,1,0,0.0,0.0,0.0,1.0,0.16666666666666666,0.0
match730_003811262139184709720_1400025905_410.dem,4,1800.0,4510.0,3520.0,5320.0,0,0,1,0,0,0,7,12,3,0,4,0,T,1,1,A,A,2,0,1,2-1-0,1,0,1,0,1,0,0,0.0,0.0,0.0,1.0,0.0,0.3333333333333333
match730_003811262139184709720_1400025905_410.dem,8,1790.0,3180.0,1900.0,5370.0,0,1,0,2,0,0,0,5,1,0,8,0,T,1,0,,no_plant,2,1,2,2-2-1,1,0,0,0,0,1,0,0.0,0.0,0.0,0.16666666666666666,0.6666666666666666,0.0
match730_003811262139184709720_1400025905_410.dem,10,2500.0,1120.0,4790.0,3570.0,0,0,0,0,0,0,7,1,0,2,10,0,CT,0,0,,no_plant,2,1,1,2-1-1,1,0,0,0,0,1,0,1.0,0.0,0.0,0.5,1.0,0.0
match730_003811262139184709720_1400025905_410.dem,13,1100.0,1690.0,2950.0,780.0,0,0,0,0,0,1,3,0,0,1,1,1,T,1,1,A,A,2,1,2,2-2-1,0,0,0,0,1,0,0,1.0,0.0,0.0,1.0,0.0,0.3333333333333333
match730_003811262139184709720_1400025905_410.dem,14,2520.0,720.0,3600.0,4030.0,0,0,1,1,0,0,3,2,0,2,2,1,CT,0,0,,no_plant,2,1,0,2-0-1,1,0,0,1,0,0,0,1.0,0.0,0.0,0.0,0.16666666666666666,0.3333333333333333
match730_003811262139184709720_1400025905_410.dem,17,680.0,3300.0,3480.0,5490.0,0,0,1,0,0,0,2,10,3,0,5,1,T,1,1,A,A,2,1,2,2-2-1,1,0,0,0,0,1,0,0.0,0.0,0.0,0.5,0.6666666666666666,0.0
match730_003811262139184709720_1400025905_410.dem,18,840.0,2000.0,4070.0,3360.0,0,0,1,1,0,0,2,1,0,1,6,1,T,1,0,,no_plant,2,0,0,2-0-0,0,1,0,1,0,0,0,1.0,0.0,0.0,0.0,0.8333333333333334,0.3333333333333333
match730_003811262139184709720_1400025905_410.dem,19,2570.0,1840.0,4230.0,1540.0,0,0,0,0,0,0,9,1,0,2,7,1,T,1,1,A,A,0,1,2,0-2-1,0,0,0,0,0,1,0,1.0,0.0,0.0,0.16666666666666666,1.0,0.0
pain-vs-shinden-m1-mirage.dem,0,140.0,110.0,860.0,930.0,0,0,0,0,0,0,0,0,0,0,0,0,T,1,1,A,A,0,1,4,0-4-1,1,0,0,0,0,0,1,0.5,0.0,0.0,1.0,1.0,0.0
pain-vs-shinden-m1-mirage.dem,2,2630.0,60.0,4480.0,4610.0,0,0,0,0,0,0,0,0,0,2,2,0,CT,0,0,,no_plant,1,0,3,1-3-0,0,1,1,1,0,0,0,1.0,0.0,0.0,0.0,1.0,0.6666666666666666
pain-vs-shinden-m1-mirage.dem,3,310.0,740.0,4700.0,4840.0,0,0,0,0,0,0,0,0,1,0,3,0,T,1,1,B,B,2,1,2,2-2-1,1,1,0,0,0,1,0,0.0,0.0,0.0,0.16666666666666666,1.0,0.0
pain-vs-shinden-m1-mirage.dem,5,870.0,150.0,5390.0,5270.0,0,0,0,0,0,0,0,0,0,2,5,0,CT,0,0,,no_plant,2,1,2,2-2-1,1,0,0,1,0,0,0,1.0,0.0,0.0,0.0,0.16666666666666666,0.3333333333333333
pain-vs-shinden-m1-mirage.dem,6,450.0,510.0,2620.0,5610.0,0,0,0,0,0,0,0,0,1,0,6,0,T,1,1,B,B,2,2,1,2-1-2,1,0,0,0,0,1,0,0.0,0.0,0.0,0.16666666666666666,0.3333333333333333,0.0
pain-vs-shinden-m1-mirage.dem,7,860.0,2130.0,4500.0,1750.0,0,0,0,0,0,0,0,0,0,1,7,0,T,1,1,A,A,2,1,2,2-2-1,1,0,0,0,1,0,0,1.0,0.0,0.0,0.3333333333333333,0.0,0.3333333333333333
pain-vs-shinden-m1-mirage.dem,8,4190.0,80.0,5490.0,4690.0,0,0,0,0,0,0,0,0,0,2,8,0,T,1,1,B,B,1,1,3,1-3-1,0,0,1,1,0,0,0,1.0,0.0,0.0,0.0,0.16666666666666666,0.3333333333333333
pain-vs-shinden-m1-mirage.dem,9,3990.0,1990.0,5530.0,1320.0,0,0,0,0,0,0,0,0,0,3,9,0,CT,0,0,,no_plant,3,0,1,3-1-0,1,0,0,0,1,0,0,1.0,0.0,0.0,0.16666666666666666,0.0,0.3333333333333333
pain-vs-shinden-m1-mirage.dem,11,1660.0,420.0,5160.0,5630.0,0,0,0,0,0,0,0,0,0,1,11,0,CT,0,1,A,A,1,1,3,1-3-1,1,0,1,0,1,0,0,1.0,0.0,0.0,0.5,0.0,0.3333333333333333
pain-vs-shinden-m1-mirage.dem,12,110.0,120.0,910.0,900.0,0,0,0,0,0,0,0,0,0,0,0,1,T,1,1,A,A,3,0,0,3-0-0,0,0,1,0,0,0,1,0.5,0.0,0.0,1.0,1.0,0.0
pain-vs-shinden-m1-mirage.dem,13,90.0,40.0,3830.0,2690.0,0,0,0,0,0,0,0,0,0,1,1,1,T,1,1,B,B,1,1,3,1-3-1,0,0,0,1,0,0,0,1.0,0.0,0.0,0.0,1.0,0.3333333333333333
pain-vs-shinden-m1-mirage.dem,15,2360.0,1450.0,4960.0,5510.0,0,0,0,0,0,0,0,0,0,3,3,1,CT,0,0,,no_plant,2,1,2,2-2-1,1,1,0,0,1,0,0,1.0,0.0,0.0,0.3333333333333333,0.0,0.6666666666666666
pain-vs-shinden-m1-mirage.dem,16,120.0,3730.0,3620.0,5970.0,0,0,0,0,0,0,0,0,1,0,4,1,CT,0,0,,no_plant,2,1,2,2-2-1,1,0,0,0,0,1,0,0.0,0.0,0.0,0.5,0.16666666666666666,0.0
pain-vs-shinden-m1-mirage.dem,17,1760.0,4640.0,1020.0,6110.0,0,0,0,0,0,0,0,0,2,0,5,1,CT,0,0,,no_plant,2,2,1,2-1-2,1,1,0,0,0,1,0,0.0,0.0,0.0,0.6666666666666666,0.3333333333333333,0.0
pain-vs-shinden-m1-mirage.dem,19,1020.0,3310.0,5530.0,6310.0,0,0,0,0,0,0,0,0,0,1,7,1,CT,0,0,,no_plant,1,0,3,1-3-0,1,0,1,1,0,0,0,1.0,0.0,0.0,0.0,0.6666666666666666,0.3333333333333333
parivision-vs-vitality-m1-mirage.dem,0,140.0,110.0,860.0,930.0,0,0,0,0,0,0,0,0,0,0,0,0,CT,0,1,A,A,0,1,4,0-4-1,0,0,0,0,0,0,1,0.5,0.0,0.0,1.0,1.0,0.0
parivision-vs-vitality-m1-mirage.dem,1,1700.0,170.0,1160.0,4310.0,0,0,0,0,0,0,0,0,1,0,1,0,CT,0,0,,no_plant,1,2,2,1-2-2,1,0,0,1,0,0,0,0.0,0.0,0.0,0.0,1.0,0.3333333333333333
parivision-vs-vitality-m1-mirage.dem,2,80.0,2210.0,4160.0,5130.0,0,0,0,1,0,0,0,0,2,0,2,0,CT,0,0,,no_plant,2,1,2,2-2-1,1,0,0,0,0,1,0,0.0,0.0,0.0,0.16666666666666666,1.0,0.0
parivision-vs-vitality-m1-mirage.dem,3,1320.0,3590.0,1780.0,5360.0,0,0,0,0,0,0,0,0,3,0,3,0,CT,0,0,,no_plant,2,1,2,2-2-1,0,0,0,0,0,1,0,0.0,0.0,0.0,0.3333333333333333,1.0,0.0
parivision-vs-vitality-m1-mirage.dem,4,60.0,5300.0,4840.0,5850.0,0,0,0,0,0,0,0,0,4,0,4,0,T,1,1,B,B,2,2,1,2-1-2,1,0,0,0,0,1,0,0.0,0.0,0.0,0.5,1.0,0.0
parivision-vs-vitality-m1-mirage.dem,5,970.0,3260.0,4710.0,5890.0,0,0,0,0,0,0,0,0,0,1,5,0,CT,0,0,,no_plant,1,0,3,1-3-0,1,0,1,0,1,0,0,1.0,0.0,0.0,0.6666666666666666,0.0,0.3333333333333333
parivision-vs-vitality-m1-mirage.dem,6,120.0,4490.0,4360.0,5840.0,0,0,0,0,0,0,0,0,1,0,6,0,T,1,1,A,A,2,1,2,2-2-1,1,0,1,0,0,1,0,0.0,0.0,0.0,0.8333333333333334,0.16666666666666666,0.0
parivision-vs-vitality-m1-mirage.dem,7,1150.0,600.0,5180.0,5710.0,0,0,0,0,0,0,0,0,0,1,7,0,T,1,1,A,A,1,0,4,1-4-0,1,0,0,1,0,0,0,1.0,0.0,0.0,0.0,0.3333333333333333,0.3333333333333333
parivision-vs-vitality-m1-mirage.dem,10,2740.0,1940.0,5570.0,1540.0,0,0,1,0,0,0,0,0,0,4,10,0,T,1,0,,no_plant,1,1,3,1-3-1,1,0,0,1,0,0,0,1.0,0.0,0.0,0.0,0.16666666666666666,0.3333333333333333
parivision-vs-vitality-m1-mirage.dem,11,5330.0,120.0,5750.0,5400.0,0,0,0,0,0,0,0,0,0,5,11,0,CT,0,0,,no_plant,1,1,3,1-3-1,1,1,0,0,0,1,0,1.0,0.0,0.0,0.16666666666666666,0.3333333333333333,0.0
parivision-vs-vitality-m1-mirage.dem,13,280.0,2250.0,3660.0,200.0,0,0,0,0,0,0,0,0,0,1,1,1,T,1,1,A,A,0,2,2,0-2-2,0,0,0,1,0,0,0,1.0,0.0,0.0,0.0,1.0,0.3333333333333333
parivision-vs-vitality-m1-mirage.dem,14,740.0,390.0,4840.0,4900.0,0,0,0,0,0,0,0,0,0,2,2,1,CT,0,0,,no_plant,1,2,2,1-2-2,1,0,0,1,0,0,0,1.0,0.0,0.0,0.0,1.0,0.6666666666666666
parivision-vs-vitality-m1-mirage.dem,15,250.0,1950.0,2070.0,5850.0,0,0,0,0,0,0,0,0,1,0,3,1,CT,0,0,,no_plant,1,1,3,1-3-1,0,0,0,0,0,1,0,0.0,0.0,0.0,0.16666666666666666,1.0,0.0
parivision-vs-vitality-m1-mirage.dem,16,2050.0,4570.0,200.0,6030.0,0,0,0,0,0,0,0,0,2,0,4,1,CT,0,0,,no_plant,1,2,2,1-2-2,0,0,0,0,0,1,0,0.0,0.0,0.0,0.3333333333333333,1.0,0.0
parivision-vs-vitality-m1-mirage.dem,17,110.0,5690.0,4620.0,6090.0,0,0,0,0,0,0,0,0,3,0,5,1,T,1,1,A,A,1,1,2,1-2-1,1,0,0,0,0,1,0,0.0,0.0,0.0,0.5,1.0,0.0
parivision-vs-vitality-m1-mirage.dem,18,790.0,2880.0,4800.0,6010.0,0,0,0,0,0,0,0,0,0,1,6,1,T,1,1,A,A,1,1,3,1-3-1,1,0,0,1,0,0,0,1.0,0.0,0.0,0.0,1.0,0.3333333333333333
parivision-vs-vitality-m1-mirage.dem,19,1200.0,160.0,5370.0,5110.0,0,0,0,0,0,0,0,0,0,2,7,1,T,1,1,A,A,2,2,1,2-1-2,0,0,0,1,0,0,0,1.0,0.0,0.0,0.0,1.0,0.6666666666666666
parivision-vs-vitality-m1-mirage.dem,20,750.0,1960.0,5410.0,1910.0,0,0,0,0,0,0,0,0,0,3,8,1,T,1,1,A,A,1,2,1,1-1-2,1,0,0,1,0,0,0,1.0,0.0,0.0,0.0,1.0,1.0
parivision-vs-wildcard-m1-mirage.dem,0,120.0,120.0,880.0,840.0,0,0,0,0,0,0,0,0,0,0,0,0,CT,0,1,A,A,3,1,1,3-1-1,1,0,0,0,0,0,1,0.5,0.0,0.0,1.0,1.0,0.0
parivision-vs-wildcard-m1-mirage.dem,2,160.0,1180.0,3290.0,5930.0,0,0,0,0,0,0,0,0,2,0,2,0,CT,0,0,,no_plant,1,0,3,1-3-0,1,1,0,1,0,0,0,0.0,0.0,0.0,0.0,1.0,0.6666666666666666
parivision-vs-wildcard-m1-mirage.dem,5,3270.0,3010.0,5450.0,6000.0,0,0,0,0,0,0,0,0,0,1,5,0,T,1,1,B,B,1,0,2,1-2-0,1,0,1,1,0,0,0,1.0,0.0,0.0,0.0,1.0,0.6666666666666666
parivision-vs-wildcard-m1-mirage.dem,7,2900.0,1360.0,5470.0,6100.0,0,0,0,0,0,0,0,0,1,0,7,0,CT,0,0,,no_plant,2,2,0,2-0-2,1,0,1,0,1,0,0,0.0,0.0,0.0,0.3333333333333333,0.0,0.6666666666666666
parivision-vs-wildcard-m1-mirage.dem,8,730.0,3260.0,5290.0,6050.0,0,0,1,0,0,0,0,0,2,0,8,0,T,1,1,A,A,1,1,2,1-2-1,0,1,1,0,0,1,0,0.0,0.0,0.0,0.5,0.16666666666666666,0.0
parivision-vs-wildcard-m1-mirage.dem,10,190.0,580.0,4260.0,5810.0,0,0,0,0,0,0,0,0,1,0,10,0,T,1,1,A,A,2,2,1,2-1-2,1,1,0,0,0,1,0,0.0,0.0,0.0,0.16666666666666666,0.5,0.0
parivision-vs-wildcard-m1-mirage.dem,11,1210.0,90.0,5040.0,3480.0,0,0,0,0,0,0,0,0,0,1,11,0,CT,0,1,A,A,2,0,2,2-2-0,1,0,0,1,0,0,0,1.0,0.0,0.0,0.0,0.6666666666666666,0.3333333333333333
parivision-vs-wildcard-m1-mirage.dem,12,130.0,90.0,870.0,970.0,0,0,0,0,0,0,0,0,0,0,0,1,T,1,1,A,A,2,1,2,2-2-1,0,0,0,0,0,0,1,0.5,0.0,0.0,1.0,1.0,0.0
parivision-vs-wildcard-m1-mirage.dem,13,200.0,30.0,3950.0,2260.0,0,0,0,0,0,0,0,0,0,1,1,1,T,1,1,B,B,2,2,1,2-1-2,0,0,0,1,0,0,0,1.0,0.0,0.0,0.0,1.0,0.3333333333333333
parivision-vs-wildcard-m1-mirage.dem,14,2740.0,2210.0,4290.0,870.0,0,0,0,0,0,0,0,0,0,2,2,1,CT,0,1,A,A,1,2,1,1-1-2,1,0,0,0,1,0,0,1.0,0.0,0.0,0.16666666666666666,0.0,0.3333333333333333
parivision-vs-wildcard-m1-mirage.dem,15,380.0,1220.0,4920.0,5900.0,0,0,0,0,0,0,0,0,1,0,3,1,T,1,1,A,A,1,0,4,1-4-0,1,0,0,1,0,0,0,0.0,0.0,0.0,0.0,0.16666666666666666,0.3333333333333333
parivision-vs-wildcard-m1-mirage.dem,18,1910.0,2440.0,300.0,5700.0,0,0,0,0,0,0,0,0,2,0,6,1,CT,0,0,,no_plant,2,0,3,2-3-0,1,0,0,0,0,1,0,0.0,0.0,0.0,0.3333333333333333,0.6666666666666666,0.0
parivision-vs-wildcard-m1-mirage.dem,19,90.0,4840.0,4340.0,6210.0,0,0,0,0,0,0,0,0,3,0,7,1,T,1,1,A,A,2,1,2,2-2-1,1,0,0,0,0,1,0,0.0,0.0,0.0,0.5,0.8333333333333334,0.0
parivision-vs-wildcard-m1-mirage.dem,20,340.0,770.0,4300.0,6010.0,0,0,0,0,0,0,0,0,0,1,8,1,CT,0,1,A,A,2,1,1,2-1-1,1,0,0,1,0,0,0,1.0,0.0,0.0,0.0,1.0,0.3333333333333333
parivision-vs-wildcard-m1-mirage.dem,22,160.0,2300.0,4480.0,6170.0,0,0,0,0,0,0,0,0,2,0,10,1,CT,0,0,,no_plant,2,0,2,2-2-0,1,0,0,0,0,1,0,0.0,0.0,0.0,0.16666666666666666,1.0,0.0
parivision-vs-wildcard-m1-mirage.dem,23,200.0,3440.0,3080.0,6270.0,0,0,0,0,0,0,0,0,3,0,11,1,CT,0,0,,no_plant,1,1,2,1-2-1,1,0,0,0,0,1,0,0.0,0.0,0.0,0.3333333333333333,1.0,0.0
parivision-vs-wildcard-m1-mirage.dem,24,4710.0,4380.0,5430.0,5780.0,0,0,0,0,0,0,0,0,4,0,0,1,CT,0,0,,no_plant,1,0,3,1-3-0,1,0,0,0,0,0,1,0.5,0.0,0.0,1.0,1.0,0.0
parivision-vs-wildcard-m1-mirage.dem,25,1890.0,5200.0,5040.0,5940.0,0,0,0,0,0,0,0,0,5,0,1,1,CT,0,1,B,B,2,0,3,2-3-0,1,0,0,0,0,1,0,0.0,0.0,0.0,1.0,1.0,0.0
parivision-vs-wildcard-m1-mirage.dem,27,4710.0,3820.0,5370.0,6360.0,0,0,0,0,0,0,0,0,0,1,3,1,T,1,1,A,A,2,2,1,2-1-2,1,0,1,1,0,0,0,1.0,0.0,0.0,0.0,0.16666666666666666,0.3333333333333333
parivision-vs-wildcard-m1-mirage.dem,28,5560.0,240.0,5490.0,5880.0,0,0,0,0,0,0,0,0,0,2,4,1,CT,0,1,A,A,1,1,2,1-2-1,1,0,0,1,0,0,0,1.0,0.0,0.0,0.0,0.3333333333333333,0.6666666666666666
parivision-vs-wildcard-m1-mirage.dem,29,3640.0,1090.0,5490.0,6350.0,0,0,0,0,0,0,0,0,1,0,5,1,CT,0,0,,no_plant,1,1,3,1-3-1,1,0,1,1,0,0,0,0.0,0.0,0.0,0.0,0.5,1.0
parivision-vs-wildcard-m1-mirage.dem,30,4710.0,3880.0,5430.0,6320.0,0,0,0,0,0,0,0,0,2,0,6,1,T,1,1,A,A,1,0,2,1-2-0,1,0,0,0,0,1,0,0.0,0.0,0.0,0.16666666666666666,0.6666666666666666,0.0
parivision-vs-wildcard-m1-mirage.dem,32,2080.0,320.0,5370.0,5770.0,0,0,0,0,0,0,0,0,1,0,8,1,T,1,1,A,A,2,1,1,2-1-1,1,0,0,0,0,1,0,0.0,0.0,0.0,0.16666666666666666,1.0,0.0
parivision-vs-wildcard-m1-mirage.dem,33,4650.0,4590.0,5510.0,5570.0,0,0,0,0,0,0,0,0,0,1,9,1,T,1,1,A,A,3,1,1,3-1-1,1,0,0,1,0,0,0,1.0,0.0,0.0,0.0,1.0,0.3333333333333333
parivision-vs-wildcard-m1-mirage.dem,35,1960.0,3160.0,5470.0,6200.0,0,0,0,0,0,0,0,0,1,0,11,1,T,1,1,A,A,1,0,2,1-2-0,1,0,0,0,0,1,0,0.0,0.0,0.0,0.16666666666666666,1.0,0.0
parivision-vs-wildcard-m1-mirage.dem,36,4610.0,4490.0,5490.0,5710.0,0,0,0,0,0,0,0,0,0,1,0,1,CT,0,0,,no_plant,2,2,1,2-1-2,1,0,0,0,0,0,1,0.5,0.0,0.0,1.0,1.0,0.0
parivision-vs-wildcard-m1-mirage.dem,37,1850.0,4410.0,5000.0,6080.0,0,0,0,0,0,0,0,0,1,0,1,1,CT,0,0,,no_plant,0,0,3,0-3-0,0,0,0,0,0,1,0,0.0,0.0,0.0,1.0,1.0,0.0
parivision-vs-wildcard-m1-mirage.dem,39,110.0,4560.0,4440.0,6080.0,0,0,0,0,0,0,0,0,3,0,3,1,CT,0,0,,no_plant,3,1,1,3-1-1,1,0,1,0,0,1,0,0.0,0.0,0.0,1.0,1.0,0.0
parivision-vs-wildcard-m1-mirage.dem,40,4690.0,3960.0,5450.0,6240.0,0,0,0,0,0,0,0,0,4,0,4,1,CT,0,0,,no_plant,1,1,2,1-2-1,1,0,0,0,0,1,0,0.0,0.0,0.0,1.0,1.0,0.0
parivision-vs-wildcard-m1-mirage.dem,41,3240.0,200.0,5450.0,5340.0,0,0,0,0,0,0,0,0,5,0,5,1,CT,0,0,,no_plant,2,1,2,2-2-1,1,0,0,0,0,1,0,0.0,0.0,0.0,1.0,1.0,0.0
parivision-vs-wildcard-m1-mirage.dem,43,4870.0,4250.0,5330.0,5950.0,0,0,0,0,0,0,0,0,5,0,7,1,CT,0,0,,no_plant,2,1,1,2-1-1,1,0,0,0,0,1,0,0.0,0.0,0.0,1.0,1.0,0.0
parivision-vs-wildcard-m1-mirage.dem,44,4370.0,920.0,5450.0,5870.0,0,0,0,0,0,0,0,0,5,0,8,1,CT,0,0,,no_plant,2,1,2,2-2-1,1,0,0,0,0,1,0,0.0,0.0,0.0,1.0,1.0,0.0
parivision-vs-wildcard-m1-mirage.dem,45,4340.0,230.0,5530.0,3580.0,0,0,0,0,0,0,0,0,5,0,9,1,CT,0,0,,no_plant,2,2,1,2-1-2,1,1,0,0,0,1,0,0.0,0.0,0.0,1.0,1.0,0.0
parivision-vs-wildcard-m1-mirage.dem,47,1870.0,4870.0,5450.0,6010.0,0,0,0,0,0,0,0,0,5,0,11,1,CT,0,0,,no_plant,3,0,2,3-2-0,1,0,1,0,0,1,0,0.0,0.0,0.0,1.0,1.0,0.0
parivision-vs-wildcard-m1-mirage.dem,48,3480.0,3510.0,5530.0,6040.0,0,0,0,0,0,0,0,0,5,0,0,1,CT,0,0,,no_plant,2,0,2,2-2-0,1,0,0,0,0,0,1,0.5,0.0,0.0,1.0,1.0,0.0
parivision-vs-wildcard-m1-mirage.dem,49,5060.0,4680.0,5040.0,5480.0,0,0,0,0,0,0,0,0,5,0,1,1,CT,0,0,,no_plant,2,0,2,2-2-0,0,0,0,0,0,1,0,0.0,0.0,0.0,1.0,1.0,0.0
parivision-vs-wildcard-m1-mirage.dem,50,4220.0,1360.0,5490.0,5750.0,0,0,0,0,0,0,0,0,5,0,2,1,CT,0,0,,no_plant,2,0,3,2-3-0,1,1,1,0,0,1,0,0.0,0.0,0.0,1.0,1.0,0.0
parivision-vs-wildcard-m1-mirage.dem,51,4610.0,70.0,5690.0,4170.0,0,0,0,0,0,0,0,0,5,0,3,1,CT,0,0,,no_plant,2,1,2,2-2-1,1,1,0,0,0,1,0,0.0,0.0,0.0,1.0,1.0,0.0
parivision-vs-wildcard-m1-mirage.dem,52,4810.0,4250.0,5390.0,5950.0,0,0,0,0,0,0,0,0,5,0,4,1,CT,0,0,,no_plant,2,2,1,2-1-2,1,0,0,0,0,1,0,0.0,0.0,0.0,1.0,1.0,0.0
parivision-vs-wildcard-m1-mirage.dem,54,1770.0,1820.0,5350.0,6250.0,0,0,0,0,0,0,0,0,5,0,6,1,CT,0,0,,no_plant,1,0,3,1-3-0,1,0,0,0,0,1,0,0.0,0.0,0.0,1.0,1.0,0.0
the-mongolz-vs-parivision-m2-mirage.dem,0,90.0,110.0,990.0,950.0,0,0,0,0,0,0,0,0,0,0,0,0,T,1,1,A,A,0,1,3,0-3-1,1,0,0,0,0,0,1,0.5,0.0,0.0,1.0,1.0,0.0
the-mongolz-vs-parivision-m2-mirage.dem,3,4450.0,10.0,4960.0,5290.0,0,0,0,0,0,0,0,0,0,3,3,0,T,1,1,A,A,1,1,1,1-1-1,0,0,0,1,0,0,0,1.0,0.0,0.0,0.0,1.0,1.0
the-mongolz-vs-parivision-m2-mirage.dem,6,2110.0,3500.0,460.0,5950.0,0,0,0,0,0,0,0,0,2,0,6,0,CT,0,0,,no_plant,1,2,2,1-2-2,1,0,0,0,0,1,0,0.0,0.0,0.0,0.3333333333333333,1.0,0.0
the-mongolz-vs-parivision-m2-mirage.dem,7,90.0,5240.0,4760.0,6030.0,0,0,0,0,0,0,0,0,3,0,7,0,T,1,1,A,A,2,1,2,2-2-1,0,0,1,0,0,1,0,0.0,0.0,0.0,0.5,1.0,0.0
the-mongolz-vs-parivision-m2-mirage.dem,9,4050.0,2080.0,5470.0,5940.0,0,0,0,0,0,0,0,0,0,2,9,0,CT,0,0,,no_plant,1,0,4,1-4-0,0,0,1,0,1,0,0,1.0,0.0,0.0,0.16666666666666666,0.0,0.3333333333333333
the-mongolz-vs-parivision-m2-mirage.dem,10,340.0,3760.0,5290.0,6420.0,0,0,0,0,0,0,0,0,1,0,10,0,T,1,1,A,A,1,1,2,1-2-1,0,0,0,0,0,1,0,0.0,0.0,0.0,0.3333333333333333,0.16666666666666666,0.0
the-mongolz-vs-parivision-m2-mirage.dem,11,1310.0,210.0,4990.0,4900.0,0,0,0,0,0,0,0,0,0,1,11,0,CT,0,0,,no_plant,1,0,3,1-3-0,1,0,1,1,0,0,0,1.0,0.0,0.0,0.0,0.3333333333333333,0.3333333333333333
the-mongolz-vs-parivision-m2-mirage.dem,13,2050.0,120.0,300.0,4300.0,0,0,0,0,0,0,0,0,1,0,1,1,T,1,1,B,B,1,1,2,1-2-1,0,0,0,0,0,1,0,0.0,0.0,0.0,1.0,1.0,0.0
the-mongolz-vs-parivision-m2-mirage.dem,15,3740.0,1980.0,5850.0,200.0,0,0,0,0,0,0,0,0,0,2,3,1,T,1,0,,no_plant,1,1,3,1-3-1,0,0,1,1,0,0,0,1.0,0.0,0.0,0.0,0.16666666666666666,0.3333333333333333
the-mongolz-vs-parivision-m2-mirage.dem,16,6910.0,20.0,5830.0,4560.0,0,0,0,0,0,0,0,0,0,3,4,1,CT,0,0,,no_plant,1,2,2,1-2-2,1,1,1,0,0,1,0,1.0,0.0,0.0,0.16666666666666666,0.3333333333333333,0.0
the-mongolz-vs-parivision-m2-mirage.dem,18,540.0,740.0,5290.0,5680.0,0,0,0,0,0,0,0,0,2,0,6,1,CT,0,0,,no_plant,2,1,2,2-2-1,0,1,0,0,0,1,0,0.0,0.0,0.0,0.5,0.6666666666666666,0.0
the-mongolz-vs-parivision-m2-mirage.dem,19,1800.0,1330.0,1060.0,5890.0,0,0,0,0,0,0,0,0,3,0,7,1,CT,0,0,,no_plant,2,1,1,2-1-1,0,1,0,0,0,1,0,0.0,0.0,0.0,0.6666666666666666,0.8333333333333334,0.0
the-qube-vs-bmz-m1-mirage.dem,1,140.0,110.0,860.0,810.0,0,0,0,0,0,0,0,0,1,0,1,0,CT,0,1,A,A,2,1,2,2-2-1,0,0,0,1,0,0,0,0.0,0.0,0.0,0.0,1.0,0.3333333333333333
the-qube-vs-bmz-m1-mirage.dem,3,1280.0,110.0,4760.0,1760.0,0,0,0,0,0,0,0,0,3,0,3,0,T,1,1,B,B,4,0,1,4-1-0,1,0,0,1,0,0,0,0.0,0.0,0.0,0.0,1.0,1.0
the-qube-vs-bmz-m1-mirage.dem,4,70.0,130.0,3650.0,3870.0,0,0,0,0,0,0,0,0,0,1,4,0,T,1,1,B,B,2,0,3,2-3-0,0,0,0,0,1,0,0,1.0,0.0,0.0,0.16666666666666666,0.0,0.3333333333333333
the-qube-vs-bmz-m1-mirage.dem,5,1330.0,330.0,4880.0,2370.0,0,0,0,0,0,0,0,0,0,2,5,0,T,1,1,A,A,4,0,1,4-1-0,0,0,0,0,1,0,0,1.0,0.0,0.0,0.3333333333333333,0.0,0.6666666666666666
the-qube-vs-bmz-m1-mirage.dem,6,1170.0,2590.0,4840.0,280.0,0,0,0,0,0,0,0,0,0,3,6,0,CT,0,1,A,A,1,2,2,1-2-2,0,0,0,1,0,0,0,1.0,0.0,0.0,0.0,0.16666666666666666,0.3333333333333333
the-qube-vs-bmz-m1-mirage.dem,7,4240.0,50.0,4940.0,5200.0,0,0,0,0,0,0,0,0,1,0,7,0,CT,0,1,A,A,1,1,2,1-2-1,1,0,0,1,0,0,0,0.0,0.0,0.0,0.0,0.3333333333333333,0.6666666666666666
the-qube-vs-bmz-m1-mirage.dem,8,1110.0,930.0,5470.0,5320.0,0,0,0,0,0,0,0,0,2,0,8,0,CT,0,1,B,B,2,1,2,2-2-1,0,0,0,1,0,0,0,0.0,0.0,0.0,0.0,0.5,1.0
the-qube-vs-bmz-m1-mirage.dem,9,270.0,620.0,3680.0,5830.0,0,0,0,0,0,0,0,0,3,0,9,0,CT,0,0,,no_plant,2,0,2,2-2-0,0,0,1,0,1,0,0,0.0,0.0,0.0,0.16666666666666666,0.0,0.3333333333333333
the-qube-vs-bmz-m1-mirage.dem,10,2270.0,2680.0,500.0,6010.0,0,0,0,0,0,0,0,0,4,0,10,0,CT,0,0,,no_plant,2,0,3,2-3-0,1,0,0,0,0,1,0,0.0,0.0,0.0,0.3333333333333333,0.16666666666666666,0.0
the-qube-vs-bmz-m1-mirage.dem,11,200.0,4900.0,5230.0,6330.0,0,0,0,0,0,0,0,0,5,0,11,0,CT,0,1,B,B,2,1,2,2-2-1,1,0,1,0,0,1,0,0.0,0.0,0.0,0.5,0.3333333333333333,0.0
the-qube-vs-bmz-m1-mirage.dem,12,300.0,3980.0,3600.0,6940.0,0,0,0,0,0,0,0,0,0,0,0,1,CT,0,1,B,B,2,2,1,2-1-2,1,0,0,0,0,0,1,0.5,0.0,0.0,1.0,1.0,0.0
the-qube-vs-bmz-m1-mirage.dem,13,120.0,120.0,880.0,840.0,0,0,0,0,0,0,0,0,1,0,1,1,CT,0,0,,no_plant,1,1,1,1-1-1,0,0,0,0,1,0,0,0.0,0.0,0.0,1.0,0.0,0.3333333333333333
the-qube-vs-bmz-m1-mirage.dem,14,2140.0,50.0,200.0,4620.0,0,0,0,0,0,0,0,0,2,0,2,1,CT,0,0,,no_plant,2,0,2,2-2-0,0,0,0,0,0,1,0,0.0,0.0,0.0,1.0,0.16666666666666666,0.0
the-qube-vs-bmz-m1-mirage.dem,17,330.0,4950.0,4900.0,5950.0,0,0,0,0,0,0,0,0,5,0,5,1,CT,0,1,A,A,2,1,2,2-2-1,1,0,1,1,0,0,0,0.0,0.0,0.0,0.0,0.6666666666666666,0.6666666666666666
the-qube-vs-bmz-m1-mirage.dem,18,1050.0,1090.0,4190.0,5860.0,0,0,0,0,0,0,0,0,5,0,6,1,CT,0,0,,no_plant,2,2,1,2-1-2,1,0,0,1,0,0,0,0.0,0.0,0.0,0.0,0.8333333333333334,1.0
voca-vs-nrg-m1-mirage.dem,1,60.0,150.0,2990.0,4800.0,0,0,0,0,0,0,0,0,1,0,1,0,CT,0,0,,no_plant,1,1,2,1-2-1,0,1,1,1,0,0,0,0.0,0.0,0.0,0.0,1.0,0.3333333333333333
voca-vs-nrg-m1-mirage.dem,2,1960.0,2240.0,600.0,5440.0,0,0,0,0,0,0,0,0,2,0,2,0,CT,0,0,,no_plant,1,0,3,1-3-0,1,0,1,0,0,1,0,0.0,0.0,0.0,0.16666666666666666,1.0,0.0
voca-vs-nrg-m1-mirage.dem,3,160.0,4920.0,4840.0,6040.0,0,0,0,0,0,0,0,0,3,0,3,0,CT,0,0,,no_plant,1,2,2,1-2-2,1,1,1,0,0,1,0,0.0,0.0,0.0,0.3333333333333333,1.0,0.0
voca-vs-nrg-m1-mirage.dem,4,1850.0,6100.0,1830.0,5900.0,0,0,0,0,0,0,0,0,4,0,4,0,T,1,1,A,A,2,2,1,2-1-2,1,0,0,0,0,1,0,0.0,0.0,0.0,0.5,1.0,0.0
voca-vs-nrg-m1-mirage.dem,5,1250.0,3100.0,5300.0,6000.0,0,0,0,0,0,0,0,0,0,1,5,0,T,1,1,B,B,2,1,2,2-2-1,1,0,1,1,0,0,0,1.0,0.0,0.0,0.0,1.0,0.3333333333333333
voca-vs-nrg-m1-mirage.dem,6,3810.0,1820.0,5490.0,5770.0,0,0,0,0,0,0,0,0,0,2,6,0,CT,0,1,A,A,1,1,3,1-3-1,1,0,1,0,1,0,0,1.0,0.0,0.0,0.16666666666666666,0.0,0.3333333333333333
voca-vs-nrg-m1-mirage.dem,7,1700.0,4200.0,5430.0,5760.0,0,0,0,0,0,0,0,0,1,0,7,0,CT,0,1,A,A,1,1,2,1-2-1,1,1,0,1,0,0,0,0.0,0.0,0.0,0.0,0.16666666666666666,0.3333333333333333
voca-vs-nrg-m1-mirage.dem,8,520.0,3280.0,5020.0,5970.0,0,0,0,0,0,0,0,0,2,0,8,0,CT,0,0,,no_plant,2,2,1,2-1-2,1,0,0,1,0,0,0,0.0,0.0,0.0,0.0,0.3333333333333333,0.6666666666666666
voca-vs-nrg-m1-mirage.dem,10,80.0,4020.0,4500.0,6190.0,0,0,0,0,0,0,0,0,4,0,10,0,CT,0,0,,no_plant,1,2,2,1-2-2,1,0,0,1,0,0,0,0.0,0.0,0.0,0.0,0.6666666666666666,0.3333333333333333
voca-vs-nrg-m1-mirage.dem,11,90.0,6920.0,3590.0,6270.0,0,0,0,0,0,0,0,0,5,0,11,0,CT,0,0,,no_plant,1,1,3,1-3-1,1,1,1,0,0,1,0,0.0,0.0,0.0,0.16666666666666666,0.8333333333333334,0.0
voca-vs-nrg-m1-mirage.dem,12,130.0,150.0,910.0,850.0,0,0,0,0,0,0,0,0,0,0,0,1,CT,0,0,,no_plant,4,1,0,4-0-1,0,0,0,0,0,0,1,0.5,0.0,0.0,1.0,1.0,0.0
voca-vs-nrg-m1-mirage.dem,14,530.0,3110.0,4160.0,4960.0,0,0,0,0,0,0,0,0,2,0,2,1,T,1,1,B,B,3,1,1,3-1-1,1,1,1,0,0,1,0,0.0,0.0,0.0,1.0,1.0,0.0
zotix-vs-enjoy-m1-mirage.dem,0,20.0,2350.0,4040.0,200.0,0,0,0,0,0,0,0,0,0,0,0,0,CT,0,0,,no_plant,1,0,4,1-4-0,0,0,1,0,0,0,1,0.5,0.0,0.0,1.0,1.0,0.0
zotix-vs-enjoy-m1-mirage.dem,1,1810.0,80.0,4840.0,5020.0,0,0,0,0,0,0,0,0,1,0,1,0,CT,0,0,,no_plant,1,1,3,1-3-1,0,0,1,0,0,1,0,0.0,0.0,0.0,1.0,1.0,0.0
zotix-vs-enjoy-m1-mirage.dem,2,3850.0,2650.0,5120.0,2080.0,0,0,0,0,0,0,0,0,2,0,2,0,CT,0,0,,no_plant,2,1,2,2-2-1,0,0,0,0,0,1,0,0.0,0.0,0.0,1.0,1.0,0.0
zotix-vs-enjoy-m1-mirage.dem,3,6700.0,590.0,5180.0,5660.0,0,0,0,0,0,0,0,0,3,0,3,0,CT,0,0,,no_plant,2,1,2,2-2-1,1,0,0,0,0,1,0,0.0,0.0,0.0,1.0,1.0,0.0
zotix-vs-enjoy-m1-mirage.dem,4,7750.0,4130.0,5510.0,320.0,0,0,0,0,0,0,0,0,4,0,4,0,CT,0,0,,no_plant,5,0,0,5-0-0,1,0,0,0,0,1,0,0.0,0.0,0.0,1.0,1.0,0.0
zotix-vs-enjoy-m1-mirage.dem,5,9160.0,2290.0,5550.0,5740.0,0,0,0,0,0,0,0,0,5,0,5,0,CT,0,0,,no_plant,2,1,2,2-2-1,1,1,0,0,0,1,0,0.0,0.0,0.0,1.0,1.0,0.0
zotix-vs-enjoy-m1-mirage.dem,6,10350.0,1750.0,5470.0,5580.0,0,0,0,0,0,0,0,0,5,0,6,0,CT,0,0,,no_plant,1,0,3,1-3-0,1,1,1,0,0,1,0,0.0,0.0,0.0,1.0,1.0,0.0
zotix-vs-enjoy-m1-mirage.dem,7,10420.0,600.0,5530.0,5200.0,0,0,0,0,0,0,0,0,5,0,7,0,CT,0,0,,no_plant,1,0,3,1-3-0,1,0,0,0,0,1,0,0.0,0.0,0.0,1.0,1.0,0.0
zotix-vs-enjoy-m1-mirage.dem,8,9770.0,170.0,5570.0,4470.0,0,0,0,1,0,0,0,0,5,0,8,0,CT,0,0,,no_plant,1,1,3,1-3-1,0,0,1,0,0,1,0,0.0,0.0,0.0,1.0,1.0,0.0
zotix-vs-enjoy-m1-mirage.dem,9,8770.0,330.0,5570.0,3840.0,0,0,0,0,0,0,0,0,5,0,9,0,CT,0,0,,no_plant,3,0,2,3-2-0,1,0,1,0,0,1,0,0.0,0.0,0.0,1.0,1.0,0.0
zotix-vs-enjoy-m1-mirage.dem,10,7910.0,80.0,5530.0,4240.0,0,0,0,0,0,0,0,0,5,0,10,0,CT,0,0,,no_plant,3,1,1,3-1-1,1,0,1,0,0,1,0,0.0,0.0,0.0,1.0,1.0,0.0
